<?xml version="1.0" encoding="UTF-8"?>
<clientesMinoristas>
 <cliente><CUSTOMER_ID> 1001</CUSTOMER_ID> <FULL_NAME>Nowmer, Sheri</FULL_NAME> <BIRTH_DATE>03&#47;12&#47;1960</BIRTH_DATE> <CITY>Poughkeepsie</CITY> <STATE>New York</STATE> <ZIPCODE> 21101</ZIPCODE> </cliente>
 <cliente><CUSTOMER_ID> 1002</CUSTOMER_ID> <FULL_NAME>Whelply, Derrick</FULL_NAME> <BIRTH_DATE>06&#47;04&#47;1960</BIRTH_DATE> <CITY>Manhattan</CITY> <STATE>New York</STATE> <ZIPCODE> 12112</ZIPCODE> </cliente>
 <cliente><CUSTOMER_ID> 1003</CUSTOMER_ID> <FULL_NAME>Derry, Jeanne</FULL_NAME> <BIRTH_DATE>12&#47;19&#47;1957</BIRTH_DATE> <CITY>Long Island</CITY> <STATE>New York</STATE> <ZIPCODE> 19090</ZIPCODE> </cliente>
 <cliente><CUSTOMER_ID> 1004</CUSTOMER_ID> <FULL_NAME>Spence, Michael</FULL_NAME> <BIRTH_DATE>03&#47;28&#47;1970</BIRTH_DATE> <CITY>Buffalo  </CITY> <STATE>New York</STATE> <ZIPCODE> 30093</ZIPCODE> </cliente>
 <cliente><CUSTOMER_ID> 1005</CUSTOMER_ID> <FULL_NAME>Gutierrez, Maya</FULL_NAME> <BIRTH_DATE>10&#47;28&#47;1965</BIRTH_DATE> <CITY>Yorktown</CITY> <STATE>New York</STATE> <ZIPCODE> 29845</ZIPCODE> </cliente>
 <cliente><CUSTOMER_ID> 1006</CUSTOMER_ID> <FULL_NAME>Damstra, Robert</FULL_NAME> <BIRTH_DATE>03&#47;30&#47;1963</BIRTH_DATE> <CITY>Manhattan</CITY> <STATE>New York</STATE> <ZIPCODE> 12118</ZIPCODE> </cliente>
 <cliente><CUSTOMER_ID> 1007</CUSTOMER_ID> <FULL_NAME>Kanagaki, Rebecca</FULL_NAME> <BIRTH_DATE>06&#47;01&#47;1967</BIRTH_DATE> <CITY>Ithaca  </CITY> <STATE>New York</STATE> <ZIPCODE> 27922</ZIPCODE> </cliente>
 <cliente><CUSTOMER_ID> 1008</CUSTOMER_ID> <FULL_NAME>Brunner, Kim</FULL_NAME> <BIRTH_DATE>11&#47;13&#47;1956</BIRTH_DATE> <CITY>Buffalo </CITY> <STATE>New York</STATE> <ZIPCODE> 30097</ZIPCODE> </cliente>
 <cliente><CUSTOMER_ID> 1009</CUSTOMER_ID> <FULL_NAME>Blumberg, Brenda</FULL_NAME> <BIRTH_DATE>11&#47;27&#47;1962</BIRTH_DATE> <CITY>Yorktown</CITY> <STATE>New York</STATE> <ZIPCODE> 29846</ZIPCODE> </cliente>
 <cliente><CUSTOMER_ID> 1010</CUSTOMER_ID> <FULL_NAME>Stanz, Darren</FULL_NAME> <BIRTH_DATE>01&#47;05&#47;1953</BIRTH_DATE> <CITY>Millbrook</CITY> <STATE>New York</STATE> <ZIPCODE> 24592</ZIPCODE> </cliente>
 <cliente><CUSTOMER_ID> 1011</CUSTOMER_ID> <FULL_NAME>Murraiin, Jonathan</FULL_NAME> <BIRTH_DATE>09&#47;08&#47;1950</BIRTH_DATE> <CITY>Long Island</CITY> <STATE>New York</STATE> <ZIPCODE> 19085</ZIPCODE> </cliente>
 <cliente><CUSTOMER_ID> 1012</CUSTOMER_ID> <FULL_NAME>Creek, Jewel</FULL_NAME> <BIRTH_DATE>03&#47;02&#47;1969</BIRTH_DATE> <CITY>Manhattan</CITY> <STATE>New York</STATE> <ZIPCODE> 12114</ZIPCODE> </cliente>
 <cliente><CUSTOMER_ID> 1013</CUSTOMER_ID> <FULL_NAME>Medina, Peggy</FULL_NAME> <BIRTH_DATE>06&#47;02&#47;1960</BIRTH_DATE> <CITY>Poughkeepsie</CITY> <STATE>New York</STATE> <ZIPCODE> 21093</ZIPCODE> </cliente>
 <cliente><CUSTOMER_ID> 1014</CUSTOMER_ID> <FULL_NAME>Rutledge, Bryan</FULL_NAME> <BIRTH_DATE>06&#47;06&#47;1962</BIRTH_DATE> <CITY>Manhattan</CITY> <STATE>New York</STATE> <ZIPCODE> 12117</ZIPCODE> </cliente>
 <cliente><CUSTOMER_ID> 1015</CUSTOMER_ID> <FULL_NAME>Cavestany, Walter</FULL_NAME> <BIRTH_DATE>11&#47;07&#47;1961</BIRTH_DATE> <CITY>Ithaca  </CITY> <STATE>New York</STATE> <ZIPCODE> 27921</ZIPCODE> </cliente>
 <cliente><CUSTOMER_ID> 1016</CUSTOMER_ID> <FULL_NAME>Planck, Peggy</FULL_NAME> <BIRTH_DATE>08&#47;01&#47;1967</BIRTH_DATE> <CITY>Millbrook</CITY> <STATE>New York</STATE> <ZIPCODE> 24596</ZIPCODE> </cliente>
 <cliente><CUSTOMER_ID> 1017</CUSTOMER_ID> <FULL_NAME>Marshall, Brenda</FULL_NAME> <BIRTH_DATE>02&#47;09&#47;1955</BIRTH_DATE> <CITY>Yorktown</CITY> <STATE>New York</STATE> <ZIPCODE> 29847</ZIPCODE> </cliente>
 <cliente><CUSTOMER_ID> 1018</CUSTOMER_ID> <FULL_NAME>Wolter, Daniel</FULL_NAME> <BIRTH_DATE>11*&#47;11&#47;1969</BIRTH_DATE> <CITY>Poughkeepsie</CITY> <STATE>New York</STATE> <ZIPCODE> 21101</ZIPCODE> </cliente>
 <cliente><CUSTOMER_ID> 1019</CUSTOMER_ID> <FULL_NAME>Collins, Dianne</FULL_NAME> <BIRTH_DATE>12&#47;18&#47;1967</BIRTH_DATE> <CITY>Andover </CITY> <STATE>Massachusetts</STATE> <ZIPCODE> 8741</ZIPCODE> </cliente>
 <cliente><CUSTOMER_ID> 1020</CUSTOMER_ID> <FULL_NAME>Baker, Beverly</FULL_NAME> <BIRTH_DATE>04&#47;12&#47;1954</BIRTH_DATE> <CITY>Cape Cod</CITY> <STATE>Massachusetts</STATE> <ZIPCODE> 10977</ZIPCODE> </cliente>
 <cliente><CUSTOMER_ID> 1021</CUSTOMER_ID> <FULL_NAME>Castillo, Pedro</FULL_NAME> <BIRTH_DATE>11&#47;12&#47;1957</BIRTH_DATE> <CITY>Cape Cod</CITY> <STATE>Massachusetts</STATE> <ZIPCODE> 10982</ZIPCODE> </cliente>
 <cliente><CUSTOMER_ID> 1022</CUSTOMER_ID> <FULL_NAME>Borges, Laurie</FULL_NAME> <BIRTH_DATE>07&#47;12&#47;1950</BIRTH_DATE> <CITY>Acton   </CITY> <STATE>Massachusetts</STATE> <ZIPCODE> 10908</ZIPCODE> </cliente>
 <cliente><CUSTOMER_ID> 1023</CUSTOMER_ID> <FULL_NAME>Wyro, Shauna</FULL_NAME> <BIRTH_DATE>05&#47;29&#47;1941</BIRTH_DATE> <CITY>Andover  </CITY> <STATE>Massachusetts</STATE> <ZIPCODE> 8736</ZIPCODE> </cliente>
 <cliente><CUSTOMER_ID> 1024</CUSTOMER_ID> <FULL_NAME>Wyllie, Jacqueline</FULL_NAME> <BIRTH_DATE>11&#47;15&#47;1969</BIRTH_DATE> <CITY>Andover  </CITY> <STATE>Massachusetts</STATE> <ZIPCODE> 8735</ZIPCODE> </cliente>
 <cliente><CUSTOMER_ID> 1025</CUSTOMER_ID> <FULL_NAME>Conley, Lin</FULL_NAME> <BIRTH_DATE>01&#47;14&#47;1960</BIRTH_DATE> <CITY>Cape Cod</CITY> <STATE>Massachusetts</STATE> <ZIPCODE> 10978</ZIPCODE> </cliente>
 <cliente><CUSTOMER_ID> 1026</CUSTOMER_ID> <FULL_NAME>Bernard, Jose</FULL_NAME> <BIRTH_DATE>04&#47;10&#47;1966</BIRTH_DATE> <CITY>Andover </CITY> <STATE>Massachusetts</STATE> <ZIPCODE> 8738</ZIPCODE> </cliente>
 <cliente><CUSTOMER_ID> 1027</CUSTOMER_ID> <FULL_NAME>Macaluso, Charles</FULL_NAME> <BIRTH_DATE>05&#47;31&#47;1951</BIRTH_DATE> <CITY>Manchester</CITY> <STATE>New Hampshire</STATE> <ZIPCODE> 7570</ZIPCODE> </cliente>
 <cliente><CUSTOMER_ID> 1028</CUSTOMER_ID> <FULL_NAME>Wood, Lois</FULL_NAME> <BIRTH_DATE>01&#47;26&#47;1964</BIRTH_DATE> <CITY>Manchester</CITY> <STATE>New Hampshire</STATE> <ZIPCODE> 7567</ZIPCODE> </cliente>
 <cliente><CUSTOMER_ID> 1029</CUSTOMER_ID> <FULL_NAME>Armstrong, Kevin</FULL_NAME> <BIRTH_DATE>11&#47;30&#47;1976</BIRTH_DATE> <CITY>Manchester</CITY> <STATE>New Hampshire</STATE> <ZIPCODE> 7572</ZIPCODE> </cliente>
 <cliente><CUSTOMER_ID> 1030</CUSTOMER_ID> <FULL_NAME>Goldey, Cody</FULL_NAME> <BIRTH_DATE>12&#47;08&#47;1964</BIRTH_DATE> <CITY>Manchester</CITY> <STATE>New Hampshire</STATE> <ZIPCODE> 7573</ZIPCODE> </cliente>
 <cliente><CUSTOMER_ID> 1031</CUSTOMER_ID> <FULL_NAME>Nickell, Paula</FULL_NAME> <BIRTH_DATE>12&#47;30&#47;1958</BIRTH_DATE> <CITY>Portsmouth</CITY> <STATE>New Hampshire</STATE> <ZIPCODE> 6550</ZIPCODE> </cliente>
 <cliente><CUSTOMER_ID> 1032</CUSTOMER_ID> <FULL_NAME>Long, Eric</FULL_NAME> <BIRTH_DATE>07&#47;02&#47;1968</BIRTH_DATE> <CITY>Portsmouth</CITY> <STATE>New Hampshire</STATE> <ZIPCODE> 6557</ZIPCODE> </cliente>
 <cliente><CUSTOMER_ID> 1033</CUSTOMER_ID> <FULL_NAME>Solimena, Mary</FULL_NAME> <BIRTH_DATE>03&#47;22&#47;1957</BIRTH_DATE> <CITY>Portsmouth</CITY> <STATE>New Hampshire</STATE> <ZIPCODE> 6553</ZIPCODE> </cliente>
 <cliente><CUSTOMER_ID> 1034</CUSTOMER_ID> <FULL_NAME>Muenich, Nathan</FULL_NAME> <BIRTH_DATE>01&#47;26&#47;1953</BIRTH_DATE> <CITY>Portsmouth</CITY> <STATE>New Hampshire</STATE> <ZIPCODE> 6557</ZIPCODE> </cliente>
 <cliente><CUSTOMER_ID> 1035</CUSTOMER_ID> <FULL_NAME>Young, Ed</FULL_NAME> <BIRTH_DATE>10&#47;31&#47;1967</BIRTH_DATE> <CITY>Portsmouth</CITY> <STATE>New Hampshire</STATE> <ZIPCODE> 6556</ZIPCODE> </cliente>
 <cliente><CUSTOMER_ID> 1036</CUSTOMER_ID> <FULL_NAME>Arnold, Donna</FULL_NAME> <BIRTH_DATE>10&#47;15&#47;1940</BIRTH_DATE> <CITY>Manchester</CITY> <STATE>New Hampshire</STATE> <ZIPCODE> 7570</ZIPCODE> </cliente>
 <cliente><CUSTOMER_ID> 1037</CUSTOMER_ID> <FULL_NAME>Cooper, Jennifer</FULL_NAME> <BIRTH_DATE>03&#47;10&#47;1966</BIRTH_DATE> <CITY>Manchester</CITY> <STATE>New Hampshire</STATE> <ZIPCODE> 7564</ZIPCODE> </cliente>
 <cliente><CUSTOMER_ID> 1038</CUSTOMER_ID> <FULL_NAME>Petty, Peggy</FULL_NAME> <BIRTH_DATE>01&#47;24&#47;1959</BIRTH_DATE> <CITY>Portsmouth</CITY> <STATE>New Hampshire</STATE> <ZIPCODE> 6553</ZIPCODE> </cliente>
 <cliente><CUSTOMER_ID> 1039</CUSTOMER_ID> <FULL_NAME>Olguin, Jessica</FULL_NAME> <BIRTH_DATE>08&#47;11&#47;1946</BIRTH_DATE> <CITY>Manchester</CITY> <STATE>New Hampshire</STATE> <ZIPCODE> 7569</ZIPCODE> </cliente>
 <cliente><CUSTOMER_ID> 1040</CUSTOMER_ID> <FULL_NAME>Burchett, Phyllis</FULL_NAME> <BIRTH_DATE>07&#47;25&#47;1961</BIRTH_DATE> <CITY>Manchester</CITY> <STATE>New Hampshire</STATE> <ZIPCODE> 7572</ZIPCODE> </cliente>
 <cliente><CUSTOMER_ID> 1041</CUSTOMER_ID> <FULL_NAME>Bechard, Howard</FULL_NAME> <BIRTH_DATE>01&#47;03&#47;1951</BIRTH_DATE> <CITY>Manchester</CITY> <STATE>New Hampshire</STATE> <ZIPCODE> 7572</ZIPCODE> </cliente>
 <cliente><CUSTOMER_ID> 1042</CUSTOMER_ID> <FULL_NAME>Carter, Doris</FULL_NAME> <BIRTH_DATE>08&#47;07&#47;1968</BIRTH_DATE> <CITY>Manchester</CITY> <STATE>New Hampshire</STATE> <ZIPCODE> 7564</ZIPCODE> </cliente>
 <cliente><CUSTOMER_ID> 1043</CUSTOMER_ID> <FULL_NAME>Sharp, Juanita</FULL_NAME> <BIRTH_DATE>12&#47;02&#47;1947</BIRTH_DATE> <CITY>New London</CITY> <STATE>Connecticut</STATE> <ZIPCODE> 13789</ZIPCODE> </cliente>
 <cliente><CUSTOMER_ID> 1044</CUSTOMER_ID> <FULL_NAME>Brunner, Sandra</FULL_NAME> <BIRTH_DATE>01&#47;12&#47;1958</BIRTH_DATE> <CITY>Danbury </CITY> <STATE>Connecticut</STATE> <ZIPCODE> 14013</ZIPCODE> </cliente>
 <cliente><CUSTOMER_ID> 1045</CUSTOMER_ID> <FULL_NAME>Staton, Ernest</FULL_NAME> <BIRTH_DATE>02&#47;16&#47;1970</BIRTH_DATE> <CITY>New London</CITY> <STATE>Connecticut</STATE> <ZIPCODE> 13786</ZIPCODE> </cliente>
 <cliente><CUSTOMER_ID> 1046</CUSTOMER_ID> <FULL_NAME>Sims, Rose</FULL_NAME> <BIRTH_DATE>11&#47;16&#47;1963</BIRTH_DATE> <CITY>New Canaan</CITY> <STATE>Connecticut</STATE> <ZIPCODE> 13251</ZIPCODE> </cliente>
 <cliente><CUSTOMER_ID> 1047</CUSTOMER_ID> <FULL_NAME>De Carlo, Lauretta</FULL_NAME> <BIRTH_DATE>02&#47;12&#47;1957</BIRTH_DATE> <CITY>New Canaan</CITY> <STATE>Connecticut</STATE> <ZIPCODE> 13250</ZIPCODE> </cliente>
 <cliente><CUSTOMER_ID> 1048</CUSTOMER_ID> <FULL_NAME>Williams, Mary</FULL_NAME> <BIRTH_DATE>03&#47;31&#47;1973</BIRTH_DATE> <CITY>New Canaan</CITY> <STATE>Connecticut</STATE> <ZIPCODE> 13246</ZIPCODE> </cliente>
 <cliente><CUSTOMER_ID> 1049</CUSTOMER_ID> <FULL_NAME>Burke, Terri</FULL_NAME> <BIRTH_DATE>12&#47;02&#47;1965</BIRTH_DATE> <CITY>New London</CITY> <STATE>Connecticut</STATE> <ZIPCODE> 13786</ZIPCODE> </cliente>
 <cliente><CUSTOMER_ID> 1050</CUSTOMER_ID> <FULL_NAME>Osborn, Audrey</FULL_NAME> <BIRTH_DATE>09&#47;08&#47;1963</BIRTH_DATE> <CITY>New London</CITY> <STATE>Connecticut</STATE> <ZIPCODE> 13795</ZIPCODE> </cliente>
 <cliente><CUSTOMER_ID> 1051</CUSTOMER_ID> <FULL_NAME>Binai, Brian</FULL_NAME> <BIRTH_DATE>09&#47;01&#47;1949</BIRTH_DATE> <CITY>Danbury </CITY> <STATE>Connecticut</STATE> <ZIPCODE> 14015</ZIPCODE> </cliente>
 <cliente><CUSTOMER_ID> 1052</CUSTOMER_ID> <FULL_NAME>Lozada, Concepcion</FULL_NAME> <BIRTH_DATE>09&#47;29&#47;1956</BIRTH_DATE> <CITY>Danbury </CITY> <STATE>Connecticut</STATE> <ZIPCODE> 14017</ZIPCODE> </cliente>
 <cliente><CUSTOMER_ID> 1053</CUSTOMER_ID> <FULL_NAME>Tays, Paul</FULL_NAME> <BIRTH_DATE>09&#47;04&#47;1951</BIRTH_DATE> <CITY>New London</CITY> <STATE>Connecticut</STATE> <ZIPCODE> 13788</ZIPCODE> </cliente>
 <cliente><CUSTOMER_ID> 1054</CUSTOMER_ID> <FULL_NAME>Thorton, Cheryl</FULL_NAME> <BIRTH_DATE>10&#47;08&#47;1963</BIRTH_DATE> <CITY>New Canaan</CITY> <STATE>Connecticut</STATE> <ZIPCODE> 13249</ZIPCODE> </cliente>
 <cliente><CUSTOMER_ID> 1055</CUSTOMER_ID> <FULL_NAME>Dumin, Gary</FULL_NAME> <BIRTH_DATE>06&#47;25&#47;1939</BIRTH_DATE> <CITY>Tampa Bay</CITY> <STATE>Florida </STATE> <ZIPCODE> 37702</ZIPCODE> </cliente>
 <cliente><CUSTOMER_ID> 1056</CUSTOMER_ID> <FULL_NAME>Chin, Pat</FULL_NAME> <BIRTH_DATE>09&#47;22&#47;1971</BIRTH_DATE> <CITY>Orlando </CITY> <STATE>Florida </STATE> <ZIPCODE> 33548</ZIPCODE> </cliente>
 <cliente><CUSTOMER_ID> 1057</CUSTOMER_ID> <FULL_NAME>Lovell, Zach</FULL_NAME> <BIRTH_DATE>11&#47;26&#47;1954</BIRTH_DATE> <CITY>Miami   </CITY> <STATE>Florida </STATE> <ZIPCODE> 33362</ZIPCODE> </cliente>
 <cliente><CUSTOMER_ID> 1058</CUSTOMER_ID> <FULL_NAME>Ratcliff, Dave</FULL_NAME> <BIRTH_DATE>04&#47;23&#47;1952</BIRTH_DATE> <CITY>Miami   </CITY> <STATE>Florida </STATE> <ZIPCODE> 33357</ZIPCODE> </cliente>
 <cliente><CUSTOMER_ID> 1059</CUSTOMER_ID> <FULL_NAME>Moss, Elizabeth</FULL_NAME> <BIRTH_DATE>09&#47;03&#47;1970</BIRTH_DATE> <CITY>Tampa Bay</CITY> <STATE>Florida </STATE> <ZIPCODE> 37704</ZIPCODE> </cliente>
 <cliente><CUSTOMER_ID> 1060</CUSTOMER_ID> <FULL_NAME>Anderson, Lori</FULL_NAME> <BIRTH_DATE>01&#47;05&#47;1974</BIRTH_DATE> <CITY>Tampa Bay</CITY> <STATE>Florida </STATE> <ZIPCODE> 37705</ZIPCODE> </cliente>
 <cliente><CUSTOMER_ID> 1061</CUSTOMER_ID> <FULL_NAME>Everson, Michael</FULL_NAME> <BIRTH_DATE>09&#47;24&#47;1983</BIRTH_DATE> <CITY>Miami   </CITY> <STATE>Florida </STATE> <ZIPCODE> 33356</ZIPCODE> </cliente>
 <cliente><CUSTOMER_ID> 1062</CUSTOMER_ID> <FULL_NAME>Borden, Mary</FULL_NAME> <BIRTH_DATE>11&#47;20&#47;1968</BIRTH_DATE> <CITY>Tampa Bay</CITY> <STATE>Florida </STATE> <ZIPCODE> 37702</ZIPCODE> </cliente>
 <cliente><CUSTOMER_ID> 1063</CUSTOMER_ID> <FULL_NAME>Willson, Sue</FULL_NAME> <BIRTH_DATE>12&#47;06&#47;1953</BIRTH_DATE> <CITY>Tampa Bay</CITY> <STATE>Florida </STATE> <ZIPCODE> 37701</ZIPCODE> </cliente>
 <cliente><CUSTOMER_ID> 1064</CUSTOMER_ID> <FULL_NAME>Harris, Clayton</FULL_NAME> <BIRTH_DATE>11&#47;13&#47;1958</BIRTH_DATE> <CITY>Orlando  </CITY> <STATE>Florida </STATE> <ZIPCODE> 33544</ZIPCODE> </cliente>
 <cliente><CUSTOMER_ID> 1065</CUSTOMER_ID> <FULL_NAME>Contreras, Whitney</FULL_NAME> <BIRTH_DATE>02&#47;18&#47;1961</BIRTH_DATE> <CITY>Orlando </CITY> <STATE>Florida </STATE> <ZIPCODE> 33543</ZIPCODE> </cliente>
 <cliente><CUSTOMER_ID> 1066</CUSTOMER_ID> <FULL_NAME>Pusedu, Boyd</FULL_NAME> <BIRTH_DATE>05&#47;23&#47;1962</BIRTH_DATE> <CITY>Orlando </CITY> <STATE>Florida </STATE> <ZIPCODE> 33550</ZIPCODE> </cliente>
 <cliente><CUSTOMER_ID> 1067</CUSTOMER_ID> <FULL_NAME>Stedman, Cian</FULL_NAME> <BIRTH_DATE>10&#47;18&#47;1977</BIRTH_DATE> <CITY>Orlando </CITY> <STATE>Florida </STATE> <ZIPCODE> 33550</ZIPCODE> </cliente>
 <cliente><CUSTOMER_ID> 1068</CUSTOMER_ID> <FULL_NAME>Zocchi, Michele</FULL_NAME> <BIRTH_DATE>08&#47;06&#47;1953</BIRTH_DATE> <CITY>Orlando </CITY> <STATE>Florida </STATE> <ZIPCODE> 33542</ZIPCODE> </cliente>
 <cliente><CUSTOMER_ID> 1069</CUSTOMER_ID> <FULL_NAME>Walsh, Jean</FULL_NAME> <BIRTH_DATE>01&#47;31&#47;1968</BIRTH_DATE> <CITY>Tampa Bay</CITY> <STATE>Florida </STATE> <ZIPCODE> 37700</ZIPCODE> </cliente>
 <cliente><CUSTOMER_ID> 1070</CUSTOMER_ID> <FULL_NAME>Renfro, Leopoldo</FULL_NAME> <BIRTH_DATE>03&#47;22&#47;1973</BIRTH_DATE> <CITY>Orlando </CITY> <STATE>Florida </STATE> <ZIPCODE> 33548</ZIPCODE> </cliente>
 <cliente><CUSTOMER_ID> 1071</CUSTOMER_ID> <FULL_NAME>Brockett, Donna</FULL_NAME> <BIRTH_DATE>01&#47;17&#47;1967</BIRTH_DATE> <CITY>Chicago </CITY> <STATE>Illinois</STATE> <ZIPCODE> 51235</ZIPCODE> </cliente>
 <cliente><CUSTOMER_ID> 1072</CUSTOMER_ID> <FULL_NAME>Anderson, Laurie</FULL_NAME> <BIRTH_DATE>09&#47;25&#47;1965</BIRTH_DATE> <CITY>Chicago </CITY> <STATE>Illinois</STATE> <ZIPCODE> 51235</ZIPCODE> </cliente>
 <cliente><CUSTOMER_ID> 1073</CUSTOMER_ID> <FULL_NAME>Gomez, Louis</FULL_NAME> <BIRTH_DATE>05&#47;25&#47;1951</BIRTH_DATE> <CITY>Peoria  </CITY> <STATE>Illinois</STATE> <ZIPCODE> 52348</ZIPCODE> </cliente>
 <cliente><CUSTOMER_ID> 1074</CUSTOMER_ID> <FULL_NAME>Walker, Julie</FULL_NAME> <BIRTH_DATE>05&#47;09&#47;1962</BIRTH_DATE> <CITY>Peoria  </CITY> <STATE>Illinois</STATE> <ZIPCODE> 52352</ZIPCODE> </cliente>
 <cliente><CUSTOMER_ID> 1075</CUSTOMER_ID> <FULL_NAME>Jones, Jay</FULL_NAME> <BIRTH_DATE>04&#47;06&#47;1954</BIRTH_DATE> <CITY>Chicago </CITY> <STATE>Illinois</STATE> <ZIPCODE> 51234</ZIPCODE> </cliente>
 <cliente><CUSTOMER_ID> 1076</CUSTOMER_ID> <FULL_NAME>Winfrey, Gayle</FULL_NAME> <BIRTH_DATE>01&#47;27&#47;1965</BIRTH_DATE> <CITY>Peoria  </CITY> <STATE>Illinois</STATE> <ZIPCODE> 52350</ZIPCODE> </cliente>
 <cliente><CUSTOMER_ID> 1077</CUSTOMER_ID> <FULL_NAME>Brown, Yasmina</FULL_NAME> <BIRTH_DATE>10&#47;04&#47;1958</BIRTH_DATE> <CITY>Peoria  </CITY> <STATE>Illinois</STATE> <ZIPCODE> 52354</ZIPCODE> </cliente>
 <cliente><CUSTOMER_ID> 1078</CUSTOMER_ID> <FULL_NAME>Touchstone, Joseph</FULL_NAME> <BIRTH_DATE>04&#47;02&#47;1945</BIRTH_DATE> <CITY>Peoria  </CITY> <STATE>Illinois</STATE> <ZIPCODE> 52346</ZIPCODE> </cliente>
 <cliente><CUSTOMER_ID> 1079</CUSTOMER_ID> <FULL_NAME>Bakhtyari, Mary</FULL_NAME> <BIRTH_DATE>09&#47;24&#47;1956</BIRTH_DATE> <CITY>Peoria  </CITY> <STATE>Illinois</STATE> <ZIPCODE> 52352</ZIPCODE> </cliente>
 <cliente><CUSTOMER_ID> 1080</CUSTOMER_ID> <FULL_NAME>Glass, Melvin</FULL_NAME> <BIRTH_DATE>05&#47;23&#47;1961</BIRTH_DATE> <CITY>Chicago  </CITY> <STATE>Illinois</STATE> <ZIPCODE> 51238</ZIPCODE> </cliente>
 <cliente><CUSTOMER_ID> 1081</CUSTOMER_ID> <FULL_NAME>Cohen, Kristin</FULL_NAME> <BIRTH_DATE>02&#47;28&#47;1972</BIRTH_DATE> <CITY>Chicago  </CITY> <STATE>Illinois</STATE> <ZIPCODE> 51243</ZIPCODE> </cliente>
 <cliente><CUSTOMER_ID> 1082</CUSTOMER_ID> <FULL_NAME>Kharman, Susan</FULL_NAME> <BIRTH_DATE>03&#47;29&#47;1960</BIRTH_DATE> <CITY>Peoria  </CITY> <STATE>Illinois</STATE> <ZIPCODE> 52349</ZIPCODE> </cliente>
 <cliente><CUSTOMER_ID> 1083</CUSTOMER_ID> <FULL_NAME>Kirschner, Gordon</FULL_NAME> <BIRTH_DATE>07&#47;29&#47;1952</BIRTH_DATE> <CITY>Peoria  </CITY> <STATE>Illinois</STATE> <ZIPCODE> 52348</ZIPCODE> </cliente>
 <cliente><CUSTOMER_ID> 1084</CUSTOMER_ID> <FULL_NAME>Burger, William</FULL_NAME> <BIRTH_DATE>01&#47;17&#47;1967</BIRTH_DATE> <CITY>Chicago  </CITY> <STATE>Illinois</STATE> <ZIPCODE> 51241</ZIPCODE> </cliente>
 <cliente><CUSTOMER_ID> 1085</CUSTOMER_ID> <FULL_NAME>Blau, Lana</FULL_NAME> <BIRTH_DATE>12&#47;16&#47;1950</BIRTH_DATE> <CITY>Peoria  </CITY> <STATE>Illinois</STATE> <ZIPCODE> 52346</ZIPCODE> </cliente>
 <cliente><CUSTOMER_ID> 1086</CUSTOMER_ID> <FULL_NAME>Derby, Donna</FULL_NAME> <BIRTH_DATE>10&#47;21&#47;1951</BIRTH_DATE> <CITY>Chicago </CITY> <STATE>Illinois</STATE> <ZIPCODE> 51234</ZIPCODE> </cliente>
 <cliente><CUSTOMER_ID> 1087</CUSTOMER_ID> <FULL_NAME>Thomson, Kathleen</FULL_NAME> <BIRTH_DATE>07&#47;16&#47;1969</BIRTH_DATE> <CITY>Peoria  </CITY> <STATE>Illinois</STATE> <ZIPCODE> 52352</ZIPCODE> </cliente>
 <cliente><CUSTOMER_ID> 1088</CUSTOMER_ID> <FULL_NAME>Walton, Gabriel</FULL_NAME> <BIRTH_DATE>01&#47;05&#47;1961</BIRTH_DATE> <CITY>Chicago </CITY> <STATE>Illinois</STATE> <ZIPCODE> 51238</ZIPCODE> </cliente>
 <cliente><CUSTOMER_ID> 1089</CUSTOMER_ID> <FULL_NAME>Meastas, Bishop</FULL_NAME> <BIRTH_DATE>08&#47;02&#47;1957</BIRTH_DATE> <CITY>Chicago </CITY> <STATE>Illinois</STATE> <ZIPCODE> 51243</ZIPCODE> </cliente>
 <cliente><CUSTOMER_ID> 1090</CUSTOMER_ID> <FULL_NAME>Kouba, Geneva</FULL_NAME> <BIRTH_DATE>03&#47;25&#47;1957</BIRTH_DATE> <CITY>Chicago </CITY> <STATE>Illinois</STATE> <ZIPCODE> 51239</ZIPCODE> </cliente>
 <cliente><CUSTOMER_ID> 1091</CUSTOMER_ID> <FULL_NAME>Clark, Tricia</FULL_NAME> <BIRTH_DATE>03&#47;21&#47;1967</BIRTH_DATE> <CITY>Peoria  </CITY> <STATE>Illinois</STATE> <ZIPCODE> 52355</ZIPCODE> </cliente>
 <cliente><CUSTOMER_ID> 1092</CUSTOMER_ID> <FULL_NAME>Munn, Debi</FULL_NAME> <BIRTH_DATE>12&#47;23&#47;1968</BIRTH_DATE> <CITY>Madison </CITY> <STATE>Wisconsin</STATE> <ZIPCODE> 60983</ZIPCODE> </cliente>
 <cliente><CUSTOMER_ID> 1093</CUSTOMER_ID> <FULL_NAME>Goldberg, Patricia</FULL_NAME> <BIRTH_DATE>12&#47;19&#47;1962</BIRTH_DATE> <CITY>Milwaukee</CITY> <STATE>Wisconsin</STATE> <ZIPCODE> 57903</ZIPCODE> </cliente>
 <cliente><CUSTOMER_ID> 1094</CUSTOMER_ID> <FULL_NAME>Magenheim, Susan</FULL_NAME> <BIRTH_DATE>09&#47;05&#47;1960</BIRTH_DATE> <CITY>Appleton</CITY> <STATE>Wisconsin</STATE> <ZIPCODE> 61001</ZIPCODE> </cliente>
 <cliente><CUSTOMER_ID> 1095</CUSTOMER_ID> <FULL_NAME>Hance, Nancy</FULL_NAME> <BIRTH_DATE>12&#47;28&#47;1960</BIRTH_DATE> <CITY>Madison </CITY> <STATE>Wisconsin</STATE> <ZIPCODE> 60985</ZIPCODE> </cliente>
 <cliente><CUSTOMER_ID> 1096</CUSTOMER_ID> <FULL_NAME>Mehlert, Rhonda</FULL_NAME> <BIRTH_DATE>04&#47;12&#47;1967</BIRTH_DATE> <CITY>Madison </CITY> <STATE>Wisconsin</STATE> <ZIPCODE> 60981</ZIPCODE> </cliente>
 <cliente><CUSTOMER_ID> 1097</CUSTOMER_ID> <FULL_NAME>Duran, Paula</FULL_NAME> <BIRTH_DATE>08&#47;07&#47;1961</BIRTH_DATE> <CITY>Appleton</CITY> <STATE>Wisconsin</STATE> <ZIPCODE> 61009</ZIPCODE> </cliente>
 <cliente><CUSTOMER_ID> 1098</CUSTOMER_ID> <FULL_NAME>Earley, Margaret</FULL_NAME> <BIRTH_DATE>08&#47;07&#47;1957</BIRTH_DATE> <CITY>Madison </CITY> <STATE>Wisconsin</STATE> <ZIPCODE> 60989</ZIPCODE> </cliente>
 <cliente><CUSTOMER_ID> 1099</CUSTOMER_ID> <FULL_NAME>Horne, Elizabeth</FULL_NAME> <BIRTH_DATE>05&#47;11&#47;1955</BIRTH_DATE> <CITY>Madison </CITY> <STATE>Wisconsin</STATE> <ZIPCODE> 60980</ZIPCODE> </cliente>
 <cliente><CUSTOMER_ID> 1100</CUSTOMER_ID> <FULL_NAME>Hunt, Mary</FULL_NAME> <BIRTH_DATE>12&#47;11&#47;1958</BIRTH_DATE> <CITY>Milwaukee</CITY> <STATE>Wisconsin</STATE> <ZIPCODE> 57896</ZIPCODE> </cliente>
 <cliente><CUSTOMER_ID> 1101</CUSTOMER_ID> <FULL_NAME>Allen, Libby</FULL_NAME> <BIRTH_DATE>03&#47;10&#47;1961</BIRTH_DATE> <CITY>Milwaukee</CITY> <STATE>Wisconsin</STATE> <ZIPCODE> 57904</ZIPCODE> </cliente>
 <cliente><CUSTOMER_ID> 1102</CUSTOMER_ID> <FULL_NAME>Bruno, Bonnie</FULL_NAME> <BIRTH_DATE>07&#47;25&#47;1962</BIRTH_DATE> <CITY>Madison </CITY> <STATE>Wisconsin</STATE> <ZIPCODE> 60986</ZIPCODE> </cliente>
 <cliente><CUSTOMER_ID> 1103</CUSTOMER_ID> <FULL_NAME>Bowers, Angela</FULL_NAME> <BIRTH_DATE>01&#47;22&#47;1963</BIRTH_DATE> <CITY>Milwaukee</CITY> <STATE>Wisconsin</STATE> <ZIPCODE> 57900</ZIPCODE> </cliente>
 <cliente><CUSTOMER_ID> 1104</CUSTOMER_ID> <FULL_NAME>Gonzales, Donald</FULL_NAME> <BIRTH_DATE>12&#47;09&#47;1962</BIRTH_DATE> <CITY>Madison </CITY> <STATE>Wisconsin</STATE> <ZIPCODE> 60983</ZIPCODE> </cliente>
 <cliente><CUSTOMER_ID> 1105</CUSTOMER_ID> <FULL_NAME>Valdez, Sylvester</FULL_NAME> <BIRTH_DATE>07&#47;29&#47;1959</BIRTH_DATE> <CITY>Milwaukee</CITY> <STATE>Wisconsin</STATE> <ZIPCODE> 57902</ZIPCODE> </cliente>
 <cliente><CUSTOMER_ID> 1106</CUSTOMER_ID> <FULL_NAME>Stewart, John</FULL_NAME> <BIRTH_DATE>06&#47;02&#47;1949</BIRTH_DATE> <CITY>Appleton</CITY> <STATE>Wisconsin</STATE> <ZIPCODE> 61002</ZIPCODE> </cliente>
 <cliente><CUSTOMER_ID> 1107</CUSTOMER_ID> <FULL_NAME>Velasquez, Barney</FULL_NAME> <BIRTH_DATE>11&#47;22&#47;1945</BIRTH_DATE> <CITY>Madison </CITY> <STATE>Wisconsin</STATE> <ZIPCODE> 60985</ZIPCODE> </cliente>
 <cliente><CUSTOMER_ID> 1108</CUSTOMER_ID> <FULL_NAME>Dubois, Kenneth</FULL_NAME> <BIRTH_DATE>02&#47;15&#47;1949</BIRTH_DATE> <CITY>Madison </CITY> <STATE>Wisconsin</STATE> <ZIPCODE> 60985</ZIPCODE> </cliente>
 <cliente><CUSTOMER_ID> 1109</CUSTOMER_ID> <FULL_NAME>Maestas, Kate</FULL_NAME> <BIRTH_DATE>06&#47;17&#47;1961</BIRTH_DATE> <CITY>Appleton</CITY> <STATE>Wisconsin</STATE> <ZIPCODE> 61002</ZIPCODE> </cliente>
 <cliente><CUSTOMER_ID> 1110</CUSTOMER_ID> <FULL_NAME>Underwood, Josie</FULL_NAME> <BIRTH_DATE>12&#47;08&#47;1958</BIRTH_DATE> <CITY>Milwaukee</CITY> <STATE>Wisconsin</STATE> <ZIPCODE> 57902</ZIPCODE> </cliente>
 <cliente><CUSTOMER_ID> 1111</CUSTOMER_ID> <FULL_NAME>Strain, Ramon</FULL_NAME> <BIRTH_DATE>01&#47;10&#47;1958</BIRTH_DATE> <CITY>Appleton</CITY> <STATE>Wisconsin</STATE> <ZIPCODE> 61008</ZIPCODE> </cliente>
 <cliente><CUSTOMER_ID> 1112</CUSTOMER_ID> <FULL_NAME>Azari, Pat</FULL_NAME> <BIRTH_DATE>11&#47;25&#47;1973</BIRTH_DATE> <CITY>Columbus</CITY> <STATE>Ohio    </STATE> <ZIPCODE> 61204</ZIPCODE> </cliente>
 <cliente><CUSTOMER_ID> 1113</CUSTOMER_ID> <FULL_NAME>Dabit, Bob</FULL_NAME> <BIRTH_DATE>06&#47;25&#47;1956</BIRTH_DATE> <CITY>Akron   </CITY> <STATE>Ohio    </STATE> <ZIPCODE> 61995</ZIPCODE> </cliente>
 <cliente><CUSTOMER_ID> 1114</CUSTOMER_ID> <FULL_NAME>Carmona, Marty</FULL_NAME> <BIRTH_DATE>01&#47;21&#47;1958</BIRTH_DATE> <CITY>Columbus</CITY> <STATE>Ohio    </STATE> <ZIPCODE> 61200</ZIPCODE> </cliente>
 <cliente><CUSTOMER_ID> 1115</CUSTOMER_ID> <FULL_NAME>Saxton, Gina</FULL_NAME> <BIRTH_DATE>08&#47;24&#47;1960</BIRTH_DATE> <CITY>Akron   </CITY> <STATE>Ohio    </STATE> <ZIPCODE> 61994</ZIPCODE> </cliente>
 <cliente><CUSTOMER_ID> 1116</CUSTOMER_ID> <FULL_NAME>McLaughlin, Juan</FULL_NAME> <BIRTH_DATE>11&#47;30&#47;1962</BIRTH_DATE> <CITY>Toledo  </CITY> <STATE>Ohio    </STATE> <ZIPCODE> 62108</ZIPCODE> </cliente>
 <cliente><CUSTOMER_ID> 1117</CUSTOMER_ID> <FULL_NAME>Eyster, Carol</FULL_NAME> <BIRTH_DATE>12&#47;20&#47;1975</BIRTH_DATE> <CITY>Columbus</CITY> <STATE>Ohio    </STATE> <ZIPCODE> 61207</ZIPCODE> </cliente>
 <cliente><CUSTOMER_ID> 1118</CUSTOMER_ID> <FULL_NAME>Henry, Nancy</FULL_NAME> <BIRTH_DATE>10&#47;23&#47;1963</BIRTH_DATE> <CITY>Toledo  </CITY> <STATE>Ohio    </STATE> <ZIPCODE> 62101</ZIPCODE> </cliente>
 <cliente><CUSTOMER_ID> 1119</CUSTOMER_ID> <FULL_NAME>Barros, Chris</FULL_NAME> <BIRTH_DATE>12&#47;31&#47;1957</BIRTH_DATE> <CITY>Akron   </CITY> <STATE>Ohio    </STATE> <ZIPCODE> 61989</ZIPCODE> </cliente>
 <cliente><CUSTOMER_ID> 1120</CUSTOMER_ID> <FULL_NAME>Groome, Christopher</FULL_NAME> <BIRTH_DATE>02&#47;12&#47;1968</BIRTH_DATE> <CITY>Cleveland</CITY> <STATE>Ohio    </STATE> <ZIPCODE> 62218</ZIPCODE> </cliente>
 <cliente><CUSTOMER_ID> 1121</CUSTOMER_ID> <FULL_NAME>Hill, Anna</FULL_NAME> <BIRTH_DATE>09&#47;27&#47;1954</BIRTH_DATE> <CITY>Toledo  </CITY> <STATE>Ohio    </STATE> <ZIPCODE> 62109</ZIPCODE> </cliente>
 <cliente><CUSTOMER_ID> 1122</CUSTOMER_ID> <FULL_NAME>Williams, Ramon</FULL_NAME> <BIRTH_DATE>03&#47;18&#47;1969</BIRTH_DATE> <CITY>Akron   </CITY> <STATE>Ohio    </STATE> <ZIPCODE> 61989</ZIPCODE> </cliente>
 <cliente><CUSTOMER_ID> 1123</CUSTOMER_ID> <FULL_NAME>Masters, Scott</FULL_NAME> <BIRTH_DATE>06&#47;28&#47;1965</BIRTH_DATE> <CITY>Cleveland</CITY> <STATE>Ohio    </STATE> <ZIPCODE> 62216</ZIPCODE> </cliente>
 <cliente><CUSTOMER_ID> 1124</CUSTOMER_ID> <FULL_NAME>Brady, Jr., Joseph</FULL_NAME> <BIRTH_DATE>09&#47;14&#47;1950</BIRTH_DATE> <CITY>Columbus</CITY> <STATE>Ohio    </STATE> <ZIPCODE> 61208</ZIPCODE> </cliente>
 <cliente><CUSTOMER_ID> 1125</CUSTOMER_ID> <FULL_NAME>Gray, Ellen</FULL_NAME> <BIRTH_DATE>05&#47;07&#47;1971</BIRTH_DATE> <CITY>Akron   </CITY> <STATE>Ohio    </STATE> <ZIPCODE> 61990</ZIPCODE> </cliente>
 <cliente><CUSTOMER_ID> 1126</CUSTOMER_ID> <FULL_NAME>Fielder, Henry</FULL_NAME> <BIRTH_DATE>02&#47;27&#47;1961</BIRTH_DATE> <CITY>Columbus</CITY> <STATE>Ohio    </STATE> <ZIPCODE> 61204</ZIPCODE> </cliente>
 <cliente><CUSTOMER_ID> 1127</CUSTOMER_ID> <FULL_NAME>Finnell, Jeanine</FULL_NAME> <BIRTH_DATE>09&#47;09&#47;1952</BIRTH_DATE> <CITY>Cleveland</CITY> <STATE>Ohio    </STATE> <ZIPCODE> 62213</ZIPCODE> </cliente>
 <cliente><CUSTOMER_ID> 1128</CUSTOMER_ID> <FULL_NAME>Schuetz, Ian</FULL_NAME> <BIRTH_DATE>10&#47;22&#47;1947</BIRTH_DATE> <CITY>Cleveland</CITY> <STATE>Ohio    </STATE> <ZIPCODE> 62218</ZIPCODE> </cliente>
 <cliente><CUSTOMER_ID> 1129</CUSTOMER_ID> <FULL_NAME>Runyon, Richard</FULL_NAME> <BIRTH_DATE>10&#47;22&#47;1966</BIRTH_DATE> <CITY>Kansas City</CITY> <STATE>Missouri</STATE> <ZIPCODE> 64507</ZIPCODE> </cliente>
 <cliente><CUSTOMER_ID> 1130</CUSTOMER_ID> <FULL_NAME>Potter, Linda</FULL_NAME> <BIRTH_DATE>01&#47;12&#47;1964</BIRTH_DATE> <CITY>Kansas City</CITY> <STATE>Missouri</STATE> <ZIPCODE> 64515</ZIPCODE> </cliente>
 <cliente><CUSTOMER_ID> 1131</CUSTOMER_ID> <FULL_NAME>Smith, Mary</FULL_NAME> <BIRTH_DATE>07&#47;11&#47;1953</BIRTH_DATE> <CITY>St. Loius</CITY> <STATE>Missouri</STATE> <ZIPCODE> 64103</ZIPCODE> </cliente>
 <cliente><CUSTOMER_ID> 1132</CUSTOMER_ID> <FULL_NAME>Brumagen, Barbara</FULL_NAME> <BIRTH_DATE>11&#47;03&#47;1959</BIRTH_DATE> <CITY>St. Loius</CITY> <STATE>Missouri</STATE> <ZIPCODE> 64095</ZIPCODE> </cliente>
 <cliente><CUSTOMER_ID> 1133</CUSTOMER_ID> <FULL_NAME>Hamilton, Thelma</FULL_NAME> <BIRTH_DATE>06&#47;30&#47;1965</BIRTH_DATE> <CITY>Kansas City</CITY> <STATE>Missouri</STATE> <ZIPCODE> 64514</ZIPCODE> </cliente>
 <cliente><CUSTOMER_ID> 1134</CUSTOMER_ID> <FULL_NAME>J Wilbert, Shirley</FULL_NAME> <BIRTH_DATE>11&#47;09&#47;1955</BIRTH_DATE> <CITY>Kansas City</CITY> <STATE>Missouri</STATE> <ZIPCODE> 64514</ZIPCODE> </cliente>
 <cliente><CUSTOMER_ID> 1135</CUSTOMER_ID> <FULL_NAME>Ingram, Jeremy</FULL_NAME> <BIRTH_DATE>11&#47;17&#47;1961</BIRTH_DATE> <CITY>St. Loius</CITY> <STATE>Missouri</STATE> <ZIPCODE> 64094</ZIPCODE> </cliente>
 <cliente><CUSTOMER_ID> 1136</CUSTOMER_ID> <FULL_NAME>Haddix, Sharon</FULL_NAME> <BIRTH_DATE>05&#47;13&#47;1957</BIRTH_DATE> <CITY>Kansas City</CITY> <STATE>Missouri</STATE> <ZIPCODE> 64506</ZIPCODE> </cliente>
 <cliente><CUSTOMER_ID> 1137</CUSTOMER_ID> <FULL_NAME>Thomas, Leland</FULL_NAME> <BIRTH_DATE>07&#47;31&#47;1966</BIRTH_DATE> <CITY>Kansas City</CITY> <STATE>Missouri</STATE> <ZIPCODE> 64512</ZIPCODE> </cliente>
 <cliente><CUSTOMER_ID> 1138</CUSTOMER_ID> <FULL_NAME>Wilson, Don</FULL_NAME> <BIRTH_DATE>01&#47;28&#47;1961</BIRTH_DATE> <CITY>St. Loius</CITY> <STATE>Missouri</STATE> <ZIPCODE> 64102</ZIPCODE> </cliente>
 <cliente><CUSTOMER_ID> 1139</CUSTOMER_ID> <FULL_NAME>Stovall, Wayne</FULL_NAME> <BIRTH_DATE>06&#47;26&#47;1965</BIRTH_DATE> <CITY>Kansas City</CITY> <STATE>Missouri</STATE> <ZIPCODE> 64513</ZIPCODE> </cliente>
 <cliente><CUSTOMER_ID> 1140</CUSTOMER_ID> <FULL_NAME>Russell, Douglas</FULL_NAME> <BIRTH_DATE>12&#47;29&#47;1962</BIRTH_DATE> <CITY>Kansas City</CITY> <STATE>Missouri</STATE> <ZIPCODE> 64507</ZIPCODE> </cliente>
 <cliente><CUSTOMER_ID> 1141</CUSTOMER_ID> <FULL_NAME>Doose, Maureen</FULL_NAME> <BIRTH_DATE>10&#47;18&#47;1951</BIRTH_DATE> <CITY>Kansas City</CITY> <STATE>Missouri</STATE> <ZIPCODE> 64506</ZIPCODE> </cliente>
 <cliente><CUSTOMER_ID> 1142</CUSTOMER_ID> <FULL_NAME>Morreale, Ann</FULL_NAME> <BIRTH_DATE>08&#47;22&#47;1966</BIRTH_DATE> <CITY>St. Loius</CITY> <STATE>Missouri</STATE> <ZIPCODE> 64094</ZIPCODE> </cliente>
 <cliente><CUSTOMER_ID> 1143</CUSTOMER_ID> <FULL_NAME>Rupert, Sheila</FULL_NAME> <BIRTH_DATE>03&#47;13&#47;1952</BIRTH_DATE> <CITY>Kansas City</CITY> <STATE>Missouri</STATE> <ZIPCODE> 64509</ZIPCODE> </cliente>
 <cliente><CUSTOMER_ID> 1144</CUSTOMER_ID> <FULL_NAME>Pierson, Ashley</FULL_NAME> <BIRTH_DATE>03&#47;04&#47;1966</BIRTH_DATE> <CITY>St. Loius</CITY> <STATE>Missouri</STATE> <ZIPCODE> 64095</ZIPCODE> </cliente>
 <cliente><CUSTOMER_ID> 1145</CUSTOMER_ID> <FULL_NAME>Nickels, Ivan</FULL_NAME> <BIRTH_DATE>04&#47;28&#47;1950</BIRTH_DATE> <CITY>Kansas City</CITY> <STATE>Missouri</STATE> <ZIPCODE> 64506</ZIPCODE> </cliente>
 <cliente><CUSTOMER_ID> 1146</CUSTOMER_ID> <FULL_NAME>Neuhauser, Chad</FULL_NAME> <BIRTH_DATE>09&#47;12&#47;1970</BIRTH_DATE> <CITY>St. Loius</CITY> <STATE>Missouri</STATE> <ZIPCODE> 64103</ZIPCODE> </cliente>
 <cliente><CUSTOMER_ID> 1147</CUSTOMER_ID> <FULL_NAME>Coke, Ann</FULL_NAME> <BIRTH_DATE>09&#47;03&#47;1962</BIRTH_DATE> <CITY>Kansas City</CITY> <STATE>Missouri</STATE> <ZIPCODE> 64507</ZIPCODE> </cliente>
 <cliente><CUSTOMER_ID> 1148</CUSTOMER_ID> <FULL_NAME>Scarbrough, Jon</FULL_NAME> <BIRTH_DATE>11&#47;25&#47;1959</BIRTH_DATE> <CITY>Kansas City</CITY> <STATE>Missouri</STATE> <ZIPCODE> 64507</ZIPCODE> </cliente>
 <cliente><CUSTOMER_ID> 1149</CUSTOMER_ID> <FULL_NAME>Martensen, Lillian</FULL_NAME> <BIRTH_DATE>11&#47;25&#47;1963</BIRTH_DATE> <CITY>St. Loius</CITY> <STATE>Missouri</STATE> <ZIPCODE> 64102</ZIPCODE> </cliente>
 <cliente><CUSTOMER_ID> 1150</CUSTOMER_ID> <FULL_NAME>McCormick, Mary</FULL_NAME> <BIRTH_DATE>06&#47;21&#47;1961</BIRTH_DATE> <CITY>St. Loius</CITY> <STATE>Missouri</STATE> <ZIPCODE> 64097</ZIPCODE> </cliente>
 <cliente><CUSTOMER_ID> 1151</CUSTOMER_ID> <FULL_NAME>Sparacino, James</FULL_NAME> <BIRTH_DATE>02&#47;21&#47;1965</BIRTH_DATE> <CITY>St. Loius</CITY> <STATE>Missouri</STATE> <ZIPCODE> 64094</ZIPCODE> </cliente>
 <cliente><CUSTOMER_ID> 1152</CUSTOMER_ID> <FULL_NAME>Racette, John</FULL_NAME> <BIRTH_DATE>12&#47;09&#47;1952</BIRTH_DATE> <CITY>Kansas City</CITY> <STATE>Missouri</STATE> <ZIPCODE> 64515</ZIPCODE> </cliente>
 <cliente><CUSTOMER_ID> 1153</CUSTOMER_ID> <FULL_NAME>Thompson, Edwardo</FULL_NAME> <BIRTH_DATE>09&#47;24&#47;1968</BIRTH_DATE> <CITY>Des Moines     </CITY> <STATE>Iowa     </STATE> <ZIPCODE> 65790</ZIPCODE> </cliente>
 <cliente><CUSTOMER_ID> 1154</CUSTOMER_ID> <FULL_NAME>Warren, Sam</FULL_NAME> <BIRTH_DATE>05&#47;22&#47;1966</BIRTH_DATE> <CITY>Dubuque  </CITY> <STATE>Iowa    </STATE> <ZIPCODE> 66804</ZIPCODE> </cliente>
 <cliente><CUSTOMER_ID> 1155</CUSTOMER_ID> <FULL_NAME>Chow-Wang, Shelby</FULL_NAME> <BIRTH_DATE>06&#47;27&#47;1960</BIRTH_DATE> <CITY>Des Moines</CITY> <STATE>Iowa    </STATE> <ZIPCODE> 65790</ZIPCODE> </cliente>
 <cliente><CUSTOMER_ID> 1156</CUSTOMER_ID> <FULL_NAME>Wood, Nelly</FULL_NAME> <BIRTH_DATE>01&#47;01&#47;1957</BIRTH_DATE> <CITY>Dubuque </CITY> <STATE>Iowa    </STATE> <ZIPCODE> 66804</ZIPCODE> </cliente>
 <cliente><CUSTOMER_ID> 1157</CUSTOMER_ID> <FULL_NAME>Morgan, Jackie</FULL_NAME> <BIRTH_DATE>11&#47;22&#47;1957</BIRTH_DATE> <CITY>Des Moines</CITY> <STATE>Iowa    </STATE> <ZIPCODE> 65790</ZIPCODE> </cliente>
 <cliente><CUSTOMER_ID> 1158</CUSTOMER_ID> <FULL_NAME>Boje, Gavin</FULL_NAME> <BIRTH_DATE>09&#47;29&#47;1973</BIRTH_DATE> <CITY>Des Moines</CITY> <STATE>Iowa    </STATE> <ZIPCODE> 65790</ZIPCODE> </cliente>
 <cliente><CUSTOMER_ID> 1159</CUSTOMER_ID> <FULL_NAME>Tsujimoto, Marlene</FULL_NAME> <BIRTH_DATE>02&#47;02&#47;1959</BIRTH_DATE> <CITY>Dubuque </CITY> <STATE>Iowa    </STATE> <ZIPCODE> 66804</ZIPCODE> </cliente>
 <cliente><CUSTOMER_ID> 1160</CUSTOMER_ID> <FULL_NAME>Bouton, RitaIva</FULL_NAME> <BIRTH_DATE>12&#47;17&#47;1958</BIRTH_DATE> <CITY>Des Moines</CITY> <STATE>Iowa    </STATE> <ZIPCODE> 65790</ZIPCODE> </cliente>
 <cliente><CUSTOMER_ID> 1161</CUSTOMER_ID> <FULL_NAME>Gras, Dell</FULL_NAME> <BIRTH_DATE>02&#47;28&#47;1956</BIRTH_DATE> <CITY>Des Moines</CITY> <STATE>Iowa    </STATE> <ZIPCODE> 65790</ZIPCODE> </cliente>
 <cliente><CUSTOMER_ID> 1162</CUSTOMER_ID> <FULL_NAME>Solano, Christopher</FULL_NAME> <BIRTH_DATE>05&#47;30&#47;1961</BIRTH_DATE> <CITY>Des Moines</CITY> <STATE>Iowa    </STATE> <ZIPCODE> 65790</ZIPCODE> </cliente>
 <cliente><CUSTOMER_ID> 1163</CUSTOMER_ID> <FULL_NAME>Armstrong, George</FULL_NAME> <BIRTH_DATE>12&#47;19&#47;1955</BIRTH_DATE> <CITY>Dubuque </CITY> <STATE>Iowa    </STATE> <ZIPCODE> 66804</ZIPCODE> </cliente>
 <cliente><CUSTOMER_ID> 1164</CUSTOMER_ID> <FULL_NAME>Aldred, Kristine</FULL_NAME> <BIRTH_DATE>08&#47;18&#47;1940</BIRTH_DATE> <CITY>Dubuque </CITY> <STATE>Iowa    </STATE> <ZIPCODE> 66804</ZIPCODE> </cliente>
 <cliente><CUSTOMER_ID> 1165</CUSTOMER_ID> <FULL_NAME>Jorgenson, Tom</FULL_NAME> <BIRTH_DATE>07&#47;31&#47;1959</BIRTH_DATE> <CITY>Des Moines</CITY> <STATE>Iowa    </STATE> <ZIPCODE> 65790</ZIPCODE> </cliente>
 <cliente><CUSTOMER_ID> 1166</CUSTOMER_ID> <FULL_NAME>Turner, Dana</FULL_NAME> <BIRTH_DATE>06&#47;15&#47;1966</BIRTH_DATE> <CITY>Des Moines</CITY> <STATE>Iowa    </STATE> <ZIPCODE> 65790</ZIPCODE> </cliente>
 <cliente><CUSTOMER_ID> 1167</CUSTOMER_ID> <FULL_NAME>Zakerski, Terry</FULL_NAME> <BIRTH_DATE>04&#47;08&#47;1949</BIRTH_DATE> <CITY>Dubuque </CITY> <STATE>Iowa    </STATE> <ZIPCODE> 66804</ZIPCODE> </cliente>
 <cliente><CUSTOMER_ID> 1168</CUSTOMER_ID> <FULL_NAME>Carlson, David</FULL_NAME> <BIRTH_DATE>07&#47;26&#47;1961</BIRTH_DATE> <CITY>Des Moines</CITY> <STATE>Iowa    </STATE> <ZIPCODE> 65790</ZIPCODE> </cliente>
 <cliente><CUSTOMER_ID> 1169</CUSTOMER_ID> <FULL_NAME>Symons, Linda</FULL_NAME> <BIRTH_DATE>11&#47;16&#47;1960</BIRTH_DATE> <CITY>Dubuque </CITY> <STATE>Iowa    </STATE> <ZIPCODE> 66804</ZIPCODE> </cliente>
 <cliente><CUSTOMER_ID> 1170</CUSTOMER_ID> <FULL_NAME>Reynolds, Louis</FULL_NAME> <BIRTH_DATE>02&#47;27&#47;1945</BIRTH_DATE> <CITY>Dubuque </CITY> <STATE>Iowa    </STATE> <ZIPCODE> 66804</ZIPCODE> </cliente>
 <cliente><CUSTOMER_ID> 1171</CUSTOMER_ID> <FULL_NAME>Ibsen, Maureen</FULL_NAME> <BIRTH_DATE>07&#47;21&#47;1967</BIRTH_DATE> <CITY>Dubuque </CITY> <STATE>Iowa    </STATE> <ZIPCODE> 66804</ZIPCODE> </cliente>
 <cliente><CUSTOMER_ID> 1172</CUSTOMER_ID> <FULL_NAME>Ciochon, Virginia</FULL_NAME> <BIRTH_DATE>05&#47;29&#47;1957</BIRTH_DATE> <CITY>Dubuque </CITY> <STATE>Iowa    </STATE> <ZIPCODE> 66804</ZIPCODE> </cliente>
 <cliente><CUSTOMER_ID> 1173</CUSTOMER_ID> <FULL_NAME>Berger, Steve</FULL_NAME> <BIRTH_DATE>10&#47;15&#47;1951</BIRTH_DATE> <CITY>Oklahoma City</CITY> <STATE>Oklahoma</STATE> <ZIPCODE> 70204</ZIPCODE> </cliente>
 <cliente><CUSTOMER_ID> 1174</CUSTOMER_ID> <FULL_NAME>Bayol, James</FULL_NAME> <BIRTH_DATE>03&#47;06&#47;1952</BIRTH_DATE> <CITY>Oklahoma City</CITY> <STATE>Oklahoma</STATE> <ZIPCODE> 70204</ZIPCODE> </cliente>
 <cliente><CUSTOMER_ID> 1175</CUSTOMER_ID> <FULL_NAME>Thumann, Meredith</FULL_NAME> <BIRTH_DATE>09&#47;02&#47;1962</BIRTH_DATE> <CITY>Tulsa   </CITY> <STATE>Oklahoma</STATE> <ZIPCODE> 70009</ZIPCODE> </cliente>
 <cliente><CUSTOMER_ID> 1176</CUSTOMER_ID> <FULL_NAME>Jones, Julie</FULL_NAME> <BIRTH_DATE>01&#47;01&#47;1951</BIRTH_DATE> <CITY>Oklahoma City</CITY> <STATE>Oklahoma</STATE> <ZIPCODE> 70204</ZIPCODE> </cliente>
 <cliente><CUSTOMER_ID> 1177</CUSTOMER_ID> <FULL_NAME>Bury, Janet</FULL_NAME> <BIRTH_DATE>03&#47;17&#47;1955</BIRTH_DATE> <CITY>Tulsa   </CITY> <STATE>Oklahoma</STATE> <ZIPCODE> 70009</ZIPCODE> </cliente>
 <cliente><CUSTOMER_ID> 1178</CUSTOMER_ID> <FULL_NAME>Bevan, Onita</FULL_NAME> <BIRTH_DATE>05&#47;20&#47;1954</BIRTH_DATE> <CITY>Tulsa   </CITY> <STATE>Oklahoma</STATE> <ZIPCODE> 70009</ZIPCODE> </cliente>
 <cliente><CUSTOMER_ID> 1179</CUSTOMER_ID> <FULL_NAME>Monarco, Mary</FULL_NAME> <BIRTH_DATE>06&#47;16&#47;1977</BIRTH_DATE> <CITY>Oklahoma City</CITY> <STATE>Oklahoma</STATE> <ZIPCODE> 70204</ZIPCODE> </cliente>
 <cliente><CUSTOMER_ID> 1180</CUSTOMER_ID> <FULL_NAME>Zingarelli, Vicky</FULL_NAME> <BIRTH_DATE>10&#47;18&#47;1948</BIRTH_DATE> <CITY>Oklahoma City</CITY> <STATE>Oklahoma</STATE> <ZIPCODE> 70204</ZIPCODE> </cliente>
 <cliente><CUSTOMER_ID> 1181</CUSTOMER_ID> <FULL_NAME>Valentine, Helen</FULL_NAME> <BIRTH_DATE>11&#47;19&#47;1960</BIRTH_DATE> <CITY>Tulsa   </CITY> <STATE>Oklahoma</STATE> <ZIPCODE> 70009</ZIPCODE> </cliente>
 <cliente><CUSTOMER_ID> 1182</CUSTOMER_ID> <FULL_NAME>Scheulen, Carol</FULL_NAME> <BIRTH_DATE>08&#47;29&#47;1957</BIRTH_DATE> <CITY>Oklahoma City</CITY> <STATE>Oklahoma</STATE> <ZIPCODE> 70204</ZIPCODE> </cliente>
 <cliente><CUSTOMER_ID> 1183</CUSTOMER_ID> <FULL_NAME>Koon, Virgie</FULL_NAME> <BIRTH_DATE>10&#47;17&#47;1969</BIRTH_DATE> <CITY>Tulsa   </CITY> <STATE>Oklahoma</STATE> <ZIPCODE> 70009</ZIPCODE> </cliente>
 <cliente><CUSTOMER_ID> 1184</CUSTOMER_ID> <FULL_NAME>Amole, Sarah</FULL_NAME> <BIRTH_DATE>09&#47;05&#47;1955</BIRTH_DATE> <CITY>Oklahoma City</CITY> <STATE>Oklahoma</STATE> <ZIPCODE> 70204</ZIPCODE> </cliente>
 <cliente><CUSTOMER_ID> 1185</CUSTOMER_ID> <FULL_NAME>Hill, Cecil</FULL_NAME> <BIRTH_DATE>12&#47;03&#47;1980</BIRTH_DATE> <CITY>Oklahoma City</CITY> <STATE>Oklahoma</STATE> <ZIPCODE> 70204</ZIPCODE> </cliente>
 <cliente><CUSTOMER_ID> 1186</CUSTOMER_ID> <FULL_NAME>Tate, Ruth</FULL_NAME> <BIRTH_DATE>07&#47;18&#47;1969</BIRTH_DATE> <CITY>Oklahoma City</CITY> <STATE>Oklahoma</STATE> <ZIPCODE> 70204</ZIPCODE> </cliente>
 <cliente><CUSTOMER_ID> 1187</CUSTOMER_ID> <FULL_NAME>Schnurr, Larry</FULL_NAME> <BIRTH_DATE>02&#47;26&#47;1952</BIRTH_DATE> <CITY>Oklahoma City</CITY> <STATE>Oklahoma</STATE> <ZIPCODE> 70204</ZIPCODE> </cliente>
 <cliente><CUSTOMER_ID> 1188</CUSTOMER_ID> <FULL_NAME>Sutton, Jerry</FULL_NAME> <BIRTH_DATE>10&#47;03&#47;1949</BIRTH_DATE> <CITY>Tulsa   </CITY> <STATE>Oklahoma</STATE> <ZIPCODE> 70009</ZIPCODE> </cliente>
 <cliente><CUSTOMER_ID> 1189</CUSTOMER_ID> <FULL_NAME>Mlincek, Kevin</FULL_NAME> <BIRTH_DATE>03&#47;09&#47;1964</BIRTH_DATE> <CITY>Tulsa   </CITY> <STATE>Oklahoma</STATE> <ZIPCODE> 70009</ZIPCODE> </cliente>
 <cliente><CUSTOMER_ID> 1190</CUSTOMER_ID> <FULL_NAME>Tucker, Edward</FULL_NAME> <BIRTH_DATE>09&#47;22&#47;1967</BIRTH_DATE> <CITY>Oklahoma City</CITY> <STATE>Oklahoma</STATE> <ZIPCODE> 70204</ZIPCODE> </cliente>
 <cliente><CUSTOMER_ID> 1191</CUSTOMER_ID> <FULL_NAME>Forham, Kenton</FULL_NAME> <BIRTH_DATE>02&#47;13&#47;1953</BIRTH_DATE> <CITY>Tulsa    </CITY> <STATE>Oklahoma</STATE> <ZIPCODE> 70009</ZIPCODE> </cliente>
 <cliente><CUSTOMER_ID> 1192</CUSTOMER_ID> <FULL_NAME>Malik, Brittany</FULL_NAME> <BIRTH_DATE>01&#47;12&#47;1967</BIRTH_DATE> <CITY>New Orleans</CITY> <STATE>Louisiana</STATE> <ZIPCODE> 70450</ZIPCODE> </cliente>
 <cliente><CUSTOMER_ID> 1193</CUSTOMER_ID> <FULL_NAME>Eldridge, Jeannette</FULL_NAME> <BIRTH_DATE>05&#47;14&#47;1948</BIRTH_DATE> <CITY>New Orleans</CITY> <STATE>Louisiana</STATE> <ZIPCODE> 70450</ZIPCODE> </cliente>
 <cliente><CUSTOMER_ID> 1194</CUSTOMER_ID> <FULL_NAME>Anderson, Terry</FULL_NAME> <BIRTH_DATE>05&#47;11&#47;1960</BIRTH_DATE> <CITY>New Orleans</CITY> <STATE>Louisiana</STATE> <ZIPCODE> 70450</ZIPCODE> </cliente>
 <cliente><CUSTOMER_ID> 1195</CUSTOMER_ID> <FULL_NAME>Sosa, Loni</FULL_NAME> <BIRTH_DATE>01&#47;07&#47;1947</BIRTH_DATE> <CITY>New Orleans</CITY> <STATE>Louisiana</STATE> <ZIPCODE> 70450</ZIPCODE> </cliente>
 <cliente><CUSTOMER_ID> 1196</CUSTOMER_ID> <FULL_NAME>Mann, Marie</FULL_NAME> <BIRTH_DATE>04&#47;23&#47;1963</BIRTH_DATE> <CITY>Shreveport</CITY> <STATE>Louisiana</STATE> <ZIPCODE> 70543</ZIPCODE> </cliente>
 <cliente><CUSTOMER_ID> 1197</CUSTOMER_ID> <FULL_NAME>Prater, Michael</FULL_NAME> <BIRTH_DATE>12&#47;17*&#47;1953</BIRTH_DATE> <CITY>New Orleans</CITY> <STATE>Louisiana</STATE> <ZIPCODE> 70450</ZIPCODE> </cliente>
 <cliente><CUSTOMER_ID> 1198</CUSTOMER_ID> <FULL_NAME>Ansaldo, Karen</FULL_NAME> <BIRTH_DATE>11&#47;28&#47;1954</BIRTH_DATE> <CITY>New Orleans</CITY> <STATE>Louisiana</STATE> <ZIPCODE> 70450</ZIPCODE> </cliente>
 <cliente><CUSTOMER_ID> 1199</CUSTOMER_ID> <FULL_NAME>Caijem, Lance</FULL_NAME> <BIRTH_DATE>10&#47;19&#47;1956</BIRTH_DATE> <CITY>New Orleans</CITY> <STATE>Louisiana</STATE> <ZIPCODE> 70450</ZIPCODE> </cliente>
 <cliente><CUSTOMER_ID> 1200</CUSTOMER_ID> <FULL_NAME>Yates, Pamela</FULL_NAME> <BIRTH_DATE>07&#47;17&#47;1956</BIRTH_DATE> <CITY>Shreveport</CITY> <STATE>Louisiana</STATE> <ZIPCODE> 70543</ZIPCODE> </cliente>
 <cliente><CUSTOMER_ID> 1201</CUSTOMER_ID> <FULL_NAME>Turner, Iwona</FULL_NAME> <BIRTH_DATE>05&#47;19&#47;1972</BIRTH_DATE> <CITY>New Orleans</CITY> <STATE>Louisiana</STATE> <ZIPCODE> 70450</ZIPCODE> </cliente>
 <cliente><CUSTOMER_ID> 1202</CUSTOMER_ID> <FULL_NAME>Fulcher, Mary</FULL_NAME> <BIRTH_DATE>06&#47;19&#47;1948</BIRTH_DATE> <CITY>Shreveport</CITY> <STATE>Louisiana</STATE> <ZIPCODE> 70543</ZIPCODE> </cliente>
 <cliente><CUSTOMER_ID> 1203</CUSTOMER_ID> <FULL_NAME>Berg, Raymond</FULL_NAME> <BIRTH_DATE>04&#47;16&#47;1963</BIRTH_DATE> <CITY>New Orleans</CITY> <STATE>Louisiana</STATE> <ZIPCODE> 70450</ZIPCODE> </cliente>
 <cliente><CUSTOMER_ID> 1204</CUSTOMER_ID> <FULL_NAME>Lopez, Ramona</FULL_NAME> <BIRTH_DATE>05&#47;04&#47;1957</BIRTH_DATE> <CITY>Shreveport</CITY> <STATE>Louisiana</STATE> <ZIPCODE> 70543</ZIPCODE> </cliente>
 <cliente><CUSTOMER_ID> 1205</CUSTOMER_ID> <FULL_NAME>Valdivia, Helen</FULL_NAME> <BIRTH_DATE>01&#47;19&#47;1974</BIRTH_DATE> <CITY>New Orleans</CITY> <STATE>Louisiana</STATE> <ZIPCODE> 70450</ZIPCODE> </cliente>
 <cliente><CUSTOMER_ID> 1206</CUSTOMER_ID> <FULL_NAME>Cardoza, Beverly</FULL_NAME> <BIRTH_DATE>11&#47;18&#47;1966</BIRTH_DATE> <CITY>New Orleans</CITY> <STATE>Louisiana</STATE> <ZIPCODE> 70450</ZIPCODE> </cliente>
 <cliente><CUSTOMER_ID> 1207</CUSTOMER_ID> <FULL_NAME>Hall, Mary</FULL_NAME> <BIRTH_DATE>04&#47;24&#47;1957</BIRTH_DATE> <CITY>Shreveport</CITY> <STATE>Louisiana</STATE> <ZIPCODE> 70543</ZIPCODE> </cliente>
 <cliente><CUSTOMER_ID> 1208</CUSTOMER_ID> <FULL_NAME>Minarick, Rachel</FULL_NAME> <BIRTH_DATE>11&#47;08&#47;1959</BIRTH_DATE> <CITY>New Orleans</CITY> <STATE>Louisiana</STATE> <ZIPCODE> 70450</ZIPCODE> </cliente>
 <cliente><CUSTOMER_ID> 1209</CUSTOMER_ID> <FULL_NAME>Los Olmos, Dorine</FULL_NAME> <BIRTH_DATE>04&#47;23&#47;1964</BIRTH_DATE> <CITY>Shreveport</CITY> <STATE>Louisiana</STATE> <ZIPCODE> 70543</ZIPCODE> </cliente>
 <cliente><CUSTOMER_ID> 1210</CUSTOMER_ID> <FULL_NAME>Garner, Dave</FULL_NAME> <BIRTH_DATE>02&#47;19&#47;1955</BIRTH_DATE> <CITY>Dallas   </CITY> <STATE>Texas   </STATE> <ZIPCODE> 81023</ZIPCODE> </cliente>
 <cliente><CUSTOMER_ID> 1211</CUSTOMER_ID> <FULL_NAME>Leong, Lois</FULL_NAME> <BIRTH_DATE>01&#47;17&#47;1953</BIRTH_DATE> <CITY>Houston </CITY> <STATE>Texas   </STATE> <ZIPCODE> 81342</ZIPCODE> </cliente>
 <cliente><CUSTOMER_ID> 1212</CUSTOMER_ID> <FULL_NAME>Tate, Larasa</FULL_NAME> <BIRTH_DATE>04&#47;26&#47;1971</BIRTH_DATE> <CITY>Amarillo</CITY> <STATE>Texas   </STATE> <ZIPCODE> 84453</ZIPCODE> </cliente>
 <cliente><CUSTOMER_ID> 1213</CUSTOMER_ID> <FULL_NAME>Watson, David</FULL_NAME> <BIRTH_DATE>12&#47;30&#47;1976</BIRTH_DATE> <CITY>San Antonio</CITY> <STATE>Texas   </STATE> <ZIPCODE> 83425</ZIPCODE> </cliente>
 <cliente><CUSTOMER_ID> 1214</CUSTOMER_ID> <FULL_NAME>Frank, James</FULL_NAME> <BIRTH_DATE>05&#47;03&#47;1964</BIRTH_DATE> <CITY>San Antonio</CITY> <STATE>Texas   </STATE> <ZIPCODE> 83425</ZIPCODE> </cliente>
 <cliente><CUSTOMER_ID> 1215</CUSTOMER_ID> <FULL_NAME>Wood, Alfredo</FULL_NAME> <BIRTH_DATE>08&#47;04&#47;1947</BIRTH_DATE> <CITY>Dallas  </CITY> <STATE>Texas   </STATE> <ZIPCODE> 81023</ZIPCODE> </cliente>
 <cliente><CUSTOMER_ID> 1216</CUSTOMER_ID> <FULL_NAME>Baird, Dorothy</FULL_NAME> <BIRTH_DATE>05&#47;23&#47;1959</BIRTH_DATE> <CITY>San Antonio</CITY> <STATE>Texas   </STATE> <ZIPCODE> 83425</ZIPCODE> </cliente>
 <cliente><CUSTOMER_ID> 1217</CUSTOMER_ID> <FULL_NAME>Jans, George</FULL_NAME> <BIRTH_DATE>12&#47;28&#47;1956</BIRTH_DATE> <CITY>Amarillo</CITY> <STATE>Texas   </STATE> <ZIPCODE> 84453</ZIPCODE> </cliente>
 <cliente><CUSTOMER_ID> 1218</CUSTOMER_ID> <FULL_NAME>Garrison, Bernadine</FULL_NAME> <BIRTH_DATE>04&#47;06&#47;1962</BIRTH_DATE> <CITY>Houston </CITY> <STATE>Texas   </STATE> <ZIPCODE> 81342</ZIPCODE> </cliente>
 <cliente><CUSTOMER_ID> 1219</CUSTOMER_ID> <FULL_NAME>Zeller, Sam</FULL_NAME> <BIRTH_DATE>11&#47;01&#47;1960</BIRTH_DATE> <CITY>Houston </CITY> <STATE>Texas   </STATE> <ZIPCODE> 81342</ZIPCODE> </cliente>
 <cliente><CUSTOMER_ID> 1220</CUSTOMER_ID> <FULL_NAME>Ace, Dorothy</FULL_NAME> <BIRTH_DATE>11&#47;06&#47;1965</BIRTH_DATE> <CITY>Sweetwater</CITY> <STATE>Texas   </STATE> <ZIPCODE> 82227</ZIPCODE> </cliente>
 <cliente><CUSTOMER_ID> 1221</CUSTOMER_ID> <FULL_NAME>Trujillo, Adria</FULL_NAME> <BIRTH_DATE>12&#47;18&#47;1969</BIRTH_DATE> <CITY>San Antonio</CITY> <STATE>Texas   </STATE> <ZIPCODE> 83425</ZIPCODE> </cliente>
 <cliente><CUSTOMER_ID> 1222</CUSTOMER_ID> <FULL_NAME>McCown, Bunny</FULL_NAME> <BIRTH_DATE>06&#47;21&#47;1959</BIRTH_DATE> <CITY>Amarillo</CITY> <STATE>Texas   </STATE> <ZIPCODE> 84453</ZIPCODE> </cliente>
 <cliente><CUSTOMER_ID> 1223</CUSTOMER_ID> <FULL_NAME>Miller, Nancy</FULL_NAME> <BIRTH_DATE>01&#47;06&#47;1964</BIRTH_DATE> <CITY>San Antonio</CITY> <STATE>Texas   </STATE> <ZIPCODE> 83425</ZIPCODE> </cliente>
 <cliente><CUSTOMER_ID> 1224</CUSTOMER_ID> <FULL_NAME>Hollar, Wanda</FULL_NAME> <BIRTH_DATE>07&#47;07&#47;1956</BIRTH_DATE> <CITY>Amarillo</CITY> <STATE>Texas   </STATE> <ZIPCODE> 84453</ZIPCODE> </cliente>
 <cliente><CUSTOMER_ID> 1225</CUSTOMER_ID> <FULL_NAME>Wallin, Barbara</FULL_NAME> <BIRTH_DATE>11&#47;22&#47;1964</BIRTH_DATE> <CITY>Houston </CITY> <STATE>Texas   </STATE> <ZIPCODE> 81342</ZIPCODE> </cliente>
 <cliente><CUSTOMER_ID> 1226</CUSTOMER_ID> <FULL_NAME>Bruha, Michael</FULL_NAME> <BIRTH_DATE>04&#47;18&#47;1965</BIRTH_DATE> <CITY>Houston </CITY> <STATE>Texas   </STATE> <ZIPCODE> 81342</ZIPCODE> </cliente>
 <cliente><CUSTOMER_ID> 1227</CUSTOMER_ID> <FULL_NAME>Suggs, Michael</FULL_NAME> <BIRTH_DATE>09&#47;10&#47;1949</BIRTH_DATE> <CITY>Albuquerque</CITY> <STATE>New Mexico</STATE> <ZIPCODE> 87102</ZIPCODE> </cliente>
 <cliente><CUSTOMER_ID> 1228</CUSTOMER_ID> <FULL_NAME>Turner, Kenneth</FULL_NAME> <BIRTH_DATE>04&#47;17&#47;1944</BIRTH_DATE> <CITY>Albuquerque</CITY> <STATE>New Mexico</STATE> <ZIPCODE> 87102</ZIPCODE> </cliente>
 <cliente><CUSTOMER_ID> 1229</CUSTOMER_ID> <FULL_NAME>Griffin, Lois</FULL_NAME> <BIRTH_DATE>02&#47;06&#47;1961</BIRTH_DATE> <CITY>Albuquerque</CITY> <STATE>New Mexico</STATE> <ZIPCODE> 87102</ZIPCODE> </cliente>
 <cliente><CUSTOMER_ID> 1230</CUSTOMER_ID> <FULL_NAME>Guardamondo, Robert</FULL_NAME> <BIRTH_DATE>11&#47;06&#47;1966</BIRTH_DATE> <CITY>Albuquerque</CITY> <STATE>New Mexico</STATE> <ZIPCODE> 87102</ZIPCODE> </cliente>
 <cliente><CUSTOMER_ID> 1231</CUSTOMER_ID> <FULL_NAME>West, Bryan</FULL_NAME> <BIRTH_DATE>05&#47;27&#47;1968</BIRTH_DATE> <CITY>Albuquerque</CITY> <STATE>New Mexico</STATE> <ZIPCODE> 87102</ZIPCODE> </cliente>
 <cliente><CUSTOMER_ID> 1232</CUSTOMER_ID> <FULL_NAME>Welsh, Vicki</FULL_NAME> <BIRTH_DATE>02&#47;28&#47;1943</BIRTH_DATE> <CITY>Albuquerque</CITY> <STATE>New Mexico</STATE> <ZIPCODE> 87102</ZIPCODE> </cliente>
 <cliente><CUSTOMER_ID> 1233</CUSTOMER_ID> <FULL_NAME>McCollum, Harvey</FULL_NAME> <BIRTH_DATE>03&#47;08&#47;1974</BIRTH_DATE> <CITY>Albuquerque</CITY> <STATE>New Mexico</STATE> <ZIPCODE> 87102</ZIPCODE> </cliente>
 <cliente><CUSTOMER_ID> 1234</CUSTOMER_ID> <FULL_NAME>Cramer, Mary</FULL_NAME> <BIRTH_DATE>05&#47;14&#47;1972</BIRTH_DATE> <CITY>Albuquerque</CITY> <STATE>New Mexico</STATE> <ZIPCODE> 87102</ZIPCODE> </cliente>
 <cliente><CUSTOMER_ID> 1235</CUSTOMER_ID> <FULL_NAME>Fike, Linda</FULL_NAME> <BIRTH_DATE>06&#47;17&#47;1964</BIRTH_DATE> <CITY>Albuquerque</CITY> <STATE>New Mexico</STATE> <ZIPCODE> 87102</ZIPCODE> </cliente>
 <cliente><CUSTOMER_ID> 1236</CUSTOMER_ID> <FULL_NAME>Adair, Sam</FULL_NAME> <BIRTH_DATE>09&#47;30&#47;1959</BIRTH_DATE> <CITY>Albuquerque</CITY> <STATE>New Mexico</STATE> <ZIPCODE> 87102</ZIPCODE> </cliente>
 <cliente><CUSTOMER_ID> 1237</CUSTOMER_ID> <FULL_NAME>Kolosso, Jerry</FULL_NAME> <BIRTH_DATE>02&#47;23&#47;1953</BIRTH_DATE> <CITY>Albuquerque</CITY> <STATE>New Mexico</STATE> <ZIPCODE> 87102</ZIPCODE> </cliente>
 <cliente><CUSTOMER_ID> 1238</CUSTOMER_ID> <FULL_NAME>Carpenter, Todd</FULL_NAME> <BIRTH_DATE>03&#47;30&#47;1943</BIRTH_DATE> <CITY>Albuquerque</CITY> <STATE>New Mexico</STATE> <ZIPCODE> 87102</ZIPCODE> </cliente>
 <cliente><CUSTOMER_ID> 1239</CUSTOMER_ID> <FULL_NAME>Watkins, Lisa</FULL_NAME> <BIRTH_DATE>08&#47;18&#47;1961</BIRTH_DATE> <CITY>Albuquerque</CITY> <STATE>New Mexico</STATE> <ZIPCODE> 87102</ZIPCODE> </cliente>
 <cliente><CUSTOMER_ID> 1240</CUSTOMER_ID> <FULL_NAME>Barrera, Kevin</FULL_NAME> <BIRTH_DATE>08&#47;30&#47;1965</BIRTH_DATE> <CITY>Albuquerque</CITY> <STATE>New Mexico</STATE> <ZIPCODE> 87102</ZIPCODE> </cliente>
 <cliente><CUSTOMER_ID> 1241</CUSTOMER_ID> <FULL_NAME>Price, Maria</FULL_NAME> <BIRTH_DATE>02&#47;09&#47;1968</BIRTH_DATE> <CITY>Albuquerque</CITY> <STATE>New Mexico</STATE> <ZIPCODE> 87102</ZIPCODE> </cliente>
 <cliente><CUSTOMER_ID> 1242</CUSTOMER_ID> <FULL_NAME>Rosemont, Flossie</FULL_NAME> <BIRTH_DATE>10&#47;06&#47;1962</BIRTH_DATE> <CITY>Albuquerque</CITY> <STATE>New Mexico</STATE> <ZIPCODE> 87102</ZIPCODE> </cliente>
 <cliente><CUSTOMER_ID> 1243</CUSTOMER_ID> <FULL_NAME>McMenama, Betty</FULL_NAME> <BIRTH_DATE>03&#47;28&#47;1969</BIRTH_DATE> <CITY>Albuquerque</CITY> <STATE>New Mexico</STATE> <ZIPCODE> 87102</ZIPCODE> </cliente>
 <cliente><CUSTOMER_ID> 1244</CUSTOMER_ID> <FULL_NAME>Lyons, Max</FULL_NAME> <BIRTH_DATE>03&#47;26&#47;1960</BIRTH_DATE> <CITY>Albuquerque</CITY> <STATE>New Mexico</STATE> <ZIPCODE> 87102</ZIPCODE> </cliente>
 <cliente><CUSTOMER_ID> 1245</CUSTOMER_ID> <FULL_NAME>Sandy Kurtz, Christine</FULL_NAME> <BIRTH_DATE>01&#47;02&#47;1972</BIRTH_DATE> <CITY>Albuquerque</CITY> <STATE>New Mexico</STATE> <ZIPCODE> 87102</ZIPCODE> </cliente>
 <cliente><CUSTOMER_ID> 1246</CUSTOMER_ID> <FULL_NAME>Santry, Rita</FULL_NAME> <BIRTH_DATE>04&#47;28&#47;1955</BIRTH_DATE> <CITY>Aspen   </CITY> <STATE>Colorado</STATE> <ZIPCODE> 84352</ZIPCODE> </cliente>
 <cliente><CUSTOMER_ID> 1247</CUSTOMER_ID> <FULL_NAME>Quigle, Catherine</FULL_NAME> <BIRTH_DATE>07&#47;14&#47;1952</BIRTH_DATE> <CITY>Aspen   </CITY> <STATE>Colorado</STATE> <ZIPCODE> 84352</ZIPCODE> </cliente>
 <cliente><CUSTOMER_ID> 1248</CUSTOMER_ID> <FULL_NAME>Christensen, Patricia</FULL_NAME> <BIRTH_DATE>05&#47;04&#47;1955</BIRTH_DATE> <CITY>Denver   </CITY> <STATE>Colorado</STATE> <ZIPCODE> 84654</ZIPCODE> </cliente>
 <cliente><CUSTOMER_ID> 1249</CUSTOMER_ID> <FULL_NAME>Mercurio, Anne</FULL_NAME> <BIRTH_DATE>07&#47;01&#47;1953</BIRTH_DATE> <CITY>Grand Junction</CITY> <STATE>Colorado</STATE> <ZIPCODE> 84451</ZIPCODE> </cliente>
 <cliente><CUSTOMER_ID> 1250</CUSTOMER_ID> <FULL_NAME>McGrath, Louis</FULL_NAME> <BIRTH_DATE>12&#47;07&#47;1946</BIRTH_DATE> <CITY>Grand Junction</CITY> <STATE>Colorado</STATE> <ZIPCODE> 84451</ZIPCODE> </cliente>
 <cliente><CUSTOMER_ID> 1251</CUSTOMER_ID> <FULL_NAME>Wright, Rachael</FULL_NAME> <BIRTH_DATE>10&#47;22&#47;1961</BIRTH_DATE> <CITY>Denver   </CITY> <STATE>Colorado</STATE> <ZIPCODE> 84654</ZIPCODE> </cliente>
 <cliente><CUSTOMER_ID> 1252</CUSTOMER_ID> <FULL_NAME>Skuce, Richard</FULL_NAME> <BIRTH_DATE>02&#47;26&#47;1962</BIRTH_DATE> <CITY>Denver  </CITY> <STATE>Colorado</STATE> <ZIPCODE> 84654</ZIPCODE> </cliente>
 <cliente><CUSTOMER_ID> 1253</CUSTOMER_ID> <FULL_NAME>Coleman, George</FULL_NAME> <BIRTH_DATE>09&#47;15&#47;1951</BIRTH_DATE> <CITY>Denver  </CITY> <STATE>Colorado</STATE> <ZIPCODE> 84654</ZIPCODE> </cliente>
 <cliente><CUSTOMER_ID> 1254</CUSTOMER_ID> <FULL_NAME>Barnes, Lois</FULL_NAME> <BIRTH_DATE>06&#47;15&#47;1957</BIRTH_DATE> <CITY>Denver  </CITY> <STATE>Colorado</STATE> <ZIPCODE> 84654</ZIPCODE> </cliente>
 <cliente><CUSTOMER_ID> 1255</CUSTOMER_ID> <FULL_NAME>Camille, Jacky</FULL_NAME> <BIRTH_DATE>03&#47;19&#47;1971</BIRTH_DATE> <CITY>Grand Junction</CITY> <STATE>Colorado</STATE> <ZIPCODE> 84451</ZIPCODE> </cliente>
 <cliente><CUSTOMER_ID> 1256</CUSTOMER_ID> <FULL_NAME>Allenbach, Michelle</FULL_NAME> <BIRTH_DATE>10&#47;12&#47;1962</BIRTH_DATE> <CITY>Denver  </CITY> <STATE>Colorado</STATE> <ZIPCODE> 84654</ZIPCODE> </cliente>
 <cliente><CUSTOMER_ID> 1257</CUSTOMER_ID> <FULL_NAME>Smith, Franklin</FULL_NAME> <BIRTH_DATE>05&#47;26&#47;1963</BIRTH_DATE> <CITY>Aspen   </CITY> <STATE>Colorado</STATE> <ZIPCODE> 84352</ZIPCODE> </cliente>
 <cliente><CUSTOMER_ID> 1258</CUSTOMER_ID> <FULL_NAME>Minker, John</FULL_NAME> <BIRTH_DATE>06&#47;10&#47;1953</BIRTH_DATE> <CITY>Aspen   </CITY> <STATE>Colorado</STATE> <ZIPCODE> 84352</ZIPCODE> </cliente>
 <cliente><CUSTOMER_ID> 1259</CUSTOMER_ID> <FULL_NAME>Jimenez, Sarah</FULL_NAME> <BIRTH_DATE>08&#47;31&#47;1979</BIRTH_DATE> <CITY>Aspen   </CITY> <STATE>Colorado</STATE> <ZIPCODE> 84352</ZIPCODE> </cliente>
 <cliente><CUSTOMER_ID> 1260</CUSTOMER_ID> <FULL_NAME>Malaby, Darwin</FULL_NAME> <BIRTH_DATE>11&#47;24&#47;1959</BIRTH_DATE> <CITY>Aspen   </CITY> <STATE>Colorado</STATE> <ZIPCODE> 84352</ZIPCODE> </cliente>
 <cliente><CUSTOMER_ID> 1261</CUSTOMER_ID> <FULL_NAME>Caldwell, Pamela</FULL_NAME> <BIRTH_DATE>07&#47;23&#47;1961</BIRTH_DATE> <CITY>Grand Junction</CITY> <STATE>Colorado</STATE> <ZIPCODE> 84451</ZIPCODE> </cliente>
 <cliente><CUSTOMER_ID> 1262</CUSTOMER_ID> <FULL_NAME>Tinder, Roger</FULL_NAME> <BIRTH_DATE>07&#47;06&#47;1968</BIRTH_DATE> <CITY>Grand Junction</CITY> <STATE>Colorado</STATE> <ZIPCODE> 84451</ZIPCODE> </cliente>
 <cliente><CUSTOMER_ID> 1263</CUSTOMER_ID> <FULL_NAME>Kropff, Joseph</FULL_NAME> <BIRTH_DATE>12&#47;26&#47;1968</BIRTH_DATE> <CITY>Grand Junction</CITY> <STATE>Colorado</STATE> <ZIPCODE> 84451</ZIPCODE> </cliente>
 <cliente><CUSTOMER_ID> 1264</CUSTOMER_ID> <FULL_NAME>Worsham, Mimi</FULL_NAME> <BIRTH_DATE>07&#47;29&#47;1958</BIRTH_DATE> <CITY>Grand Junction</CITY> <STATE>Colorado</STATE> <ZIPCODE> 84451</ZIPCODE> </cliente>
 <cliente><CUSTOMER_ID> 1265</CUSTOMER_ID> <FULL_NAME>Bernal, Ruth</FULL_NAME> <BIRTH_DATE>02&#47;08&#47;1958</BIRTH_DATE> <CITY>Provo   </CITY> <STATE>Utah    </STATE> <ZIPCODE> 90011</ZIPCODE> </cliente>
 <cliente><CUSTOMER_ID> 1266</CUSTOMER_ID> <FULL_NAME>Zimmerman, Yolanda</FULL_NAME> <BIRTH_DATE>04&#47;12&#47;1961</BIRTH_DATE> <CITY>Provo   </CITY> <STATE>Utah    </STATE> <ZIPCODE> 90011</ZIPCODE> </cliente>
 <cliente><CUSTOMER_ID> 1267</CUSTOMER_ID> <FULL_NAME>Evans, Sandra</FULL_NAME> <BIRTH_DATE>07&#47;03&#47;1959</BIRTH_DATE> <CITY>Salt Lake City</CITY> <STATE>Utah    </STATE> <ZIPCODE> 90001</ZIPCODE> </cliente>
 <cliente><CUSTOMER_ID> 1268</CUSTOMER_ID> <FULL_NAME>Bowman, Virginia</FULL_NAME> <BIRTH_DATE>04&#47;29&#47;1957</BIRTH_DATE> <CITY>Provo   </CITY> <STATE>Utah    </STATE> <ZIPCODE> 90011</ZIPCODE> </cliente>
 <cliente><CUSTOMER_ID> 1269</CUSTOMER_ID> <FULL_NAME>Coleman, Mary</FULL_NAME> <BIRTH_DATE>07&#47;27&#47;1966</BIRTH_DATE> <CITY>Salt Lake City</CITY> <STATE>Utah    </STATE> <ZIPCODE> 90001</ZIPCODE> </cliente>
 <cliente><CUSTOMER_ID> 1270</CUSTOMER_ID> <FULL_NAME>Chrisulis, Kevin</FULL_NAME> <BIRTH_DATE>11&#47;18&#47;1958</BIRTH_DATE> <CITY>Salt Lake City</CITY> <STATE>Utah    </STATE> <ZIPCODE> 90001</ZIPCODE> </cliente>
 <cliente><CUSTOMER_ID> 1271</CUSTOMER_ID> <FULL_NAME>Whitcomb, Lee</FULL_NAME> <BIRTH_DATE>08&#47;01&#47;1967</BIRTH_DATE> <CITY>Provo   </CITY> <STATE>Utah    </STATE> <ZIPCODE> 90011</ZIPCODE> </cliente>
 <cliente><CUSTOMER_ID> 1272</CUSTOMER_ID> <FULL_NAME>Turcios, Brian</FULL_NAME> <BIRTH_DATE>09&#47;22&#47;1954</BIRTH_DATE> <CITY>Provo   </CITY> <STATE>Utah    </STATE> <ZIPCODE> 90011</ZIPCODE> </cliente>
 <cliente><CUSTOMER_ID> 1273</CUSTOMER_ID> <FULL_NAME>Confetti, Jennifer</FULL_NAME> <BIRTH_DATE>06&#47;22&#47;1949</BIRTH_DATE> <CITY>Salt Lake City</CITY> <STATE>Utah    </STATE> <ZIPCODE> 90001</ZIPCODE> </cliente>
 <cliente><CUSTOMER_ID> 1274</CUSTOMER_ID> <FULL_NAME>Takemura, Geneva</FULL_NAME> <BIRTH_DATE>11&#47;28&#47;1959</BIRTH_DATE> <CITY>Salt Lake City</CITY> <STATE>Utah    </STATE> <ZIPCODE> 90001</ZIPCODE> </cliente>
 <cliente><CUSTOMER_ID> 1275</CUSTOMER_ID> <FULL_NAME>Campbell, Lynn</FULL_NAME> <BIRTH_DATE>06&#47;06&#47;1962</BIRTH_DATE> <CITY>Salt Lake City</CITY> <STATE>Utah    </STATE> <ZIPCODE> 90001</ZIPCODE> </cliente>
 <cliente><CUSTOMER_ID> 1276</CUSTOMER_ID> <FULL_NAME>Smith, Nina</FULL_NAME> <BIRTH_DATE>05&#47;28&#47;1955</BIRTH_DATE> <CITY>Salt Lake City</CITY> <STATE>Utah    </STATE> <ZIPCODE> 90001</ZIPCODE> </cliente>
 <cliente><CUSTOMER_ID> 1277</CUSTOMER_ID> <FULL_NAME>Vuong, Darrell</FULL_NAME> <BIRTH_DATE>01&#47;09&#47;1959</BIRTH_DATE> <CITY>Provo   </CITY> <STATE>Utah    </STATE> <ZIPCODE> 90011</ZIPCODE> </cliente>
 <cliente><CUSTOMER_ID> 1278</CUSTOMER_ID> <FULL_NAME>Abbott, Eric</FULL_NAME> <BIRTH_DATE>12&#47;08&#47;1951</BIRTH_DATE> <CITY>Salt Lake City</CITY> <STATE>Utah    </STATE> <ZIPCODE> 90001</ZIPCODE> </cliente>
 <cliente><CUSTOMER_ID> 1279</CUSTOMER_ID> <FULL_NAME>Liff, Doris</FULL_NAME> <BIRTH_DATE>10&#47;02&#47;1963</BIRTH_DATE> <CITY>Salt Lake City</CITY> <STATE>Utah    </STATE> <ZIPCODE> 90001</ZIPCODE> </cliente>
 <cliente><CUSTOMER_ID> 1280</CUSTOMER_ID> <FULL_NAME>Steinberg, John</FULL_NAME> <BIRTH_DATE>09&#47;29&#47;1966</BIRTH_DATE> <CITY>Salt Lake City</CITY> <STATE>Utah    </STATE> <ZIPCODE> 90001</ZIPCODE> </cliente>
 <cliente><CUSTOMER_ID> 1281</CUSTOMER_ID> <FULL_NAME>Megel, Jerry</FULL_NAME> <BIRTH_DATE>03&#47;06&#47;1966</BIRTH_DATE> <CITY>Provo   </CITY> <STATE>Utah    </STATE> <ZIPCODE> 90011</ZIPCODE> </cliente>
 <cliente><CUSTOMER_ID> 1282</CUSTOMER_ID> <FULL_NAME>Styles, John</FULL_NAME> <BIRTH_DATE>09&#47;30&#47;1973</BIRTH_DATE> <CITY>Salt Lake City</CITY> <STATE>Utah    </STATE> <ZIPCODE> 90001</ZIPCODE> </cliente>
 <cliente><CUSTOMER_ID> 1283</CUSTOMER_ID> <FULL_NAME>Head, Shirley</FULL_NAME> <BIRTH_DATE>09&#47;04&#47;1957</BIRTH_DATE> <CITY>Salt Lake City</CITY> <STATE>Utah    </STATE> <ZIPCODE> 90001</ZIPCODE> </cliente>
 <cliente><CUSTOMER_ID> 1284</CUSTOMER_ID> <FULL_NAME>Story, James</FULL_NAME> <BIRTH_DATE>07&#47;11&#47;1979</BIRTH_DATE> <CITY>Salt Lake City</CITY> <STATE>Utah    </STATE> <ZIPCODE> 90001</ZIPCODE> </cliente>
 <cliente><CUSTOMER_ID> 1285</CUSTOMER_ID> <FULL_NAME>Boone, Jean</FULL_NAME> <BIRTH_DATE>11&#47;03&#47;1944</BIRTH_DATE> <CITY>Reno    </CITY> <STATE>Nevada  </STATE> <ZIPCODE> 90023</ZIPCODE> </cliente>
 <cliente><CUSTOMER_ID> 1286</CUSTOMER_ID> <FULL_NAME>Mccoy, Ralph</FULL_NAME> <BIRTH_DATE>09&#47;30&#47;1950</BIRTH_DATE> <CITY>Carson City</CITY> <STATE>Nevada  </STATE> <ZIPCODE> 90112</ZIPCODE> </cliente>
 <cliente><CUSTOMER_ID> 1287</CUSTOMER_ID> <FULL_NAME>Tuck, Anne</FULL_NAME> <BIRTH_DATE>01&#47;16&#47;1953</BIRTH_DATE> <CITY>Carson City</CITY> <STATE>Nevada  </STATE> <ZIPCODE> 90112</ZIPCODE> </cliente>
 <cliente><CUSTOMER_ID> 1288</CUSTOMER_ID> <FULL_NAME>Sincich, Joy</FULL_NAME> <BIRTH_DATE>05&#47;20&#47;1963</BIRTH_DATE> <CITY>Las Vegas</CITY> <STATE>Nevada  </STATE> <ZIPCODE> 90213</ZIPCODE> </cliente>
 <cliente><CUSTOMER_ID> 1289</CUSTOMER_ID> <FULL_NAME>Jameson, Bertha</FULL_NAME> <BIRTH_DATE>11&#47;26&#47;1952</BIRTH_DATE> <CITY>Reno    </CITY> <STATE>Nevada  </STATE> <ZIPCODE> 90023</ZIPCODE> </cliente>
 <cliente><CUSTOMER_ID> 1290</CUSTOMER_ID> <FULL_NAME>Sanchez, Charles</FULL_NAME> <BIRTH_DATE>10&#47;31&#47;1957</BIRTH_DATE> <CITY>Reno    </CITY> <STATE>Nevada  </STATE> <ZIPCODE> 90023</ZIPCODE> </cliente>
 <cliente><CUSTOMER_ID> 1291</CUSTOMER_ID> <FULL_NAME>Parks, Wanda</FULL_NAME> <BIRTH_DATE>03&#47;15&#47;1958</BIRTH_DATE> <CITY>Las Vegas</CITY> <STATE>Nevada  </STATE> <ZIPCODE> 90213</ZIPCODE> </cliente>
 <cliente><CUSTOMER_ID> 1292</CUSTOMER_ID> <FULL_NAME>Vij, Nathan</FULL_NAME> <BIRTH_DATE>04&#47;05&#47;1956</BIRTH_DATE> <CITY>Las Vegas</CITY> <STATE>Nevada  </STATE> <ZIPCODE> 90213</ZIPCODE> </cliente>
 <cliente><CUSTOMER_ID> 1293</CUSTOMER_ID> <FULL_NAME>Zugschwert, Corinne</FULL_NAME> <BIRTH_DATE>07&#47;09&#47;1958</BIRTH_DATE> <CITY>Las Vegas</CITY> <STATE>Nevada  </STATE> <ZIPCODE> 90213</ZIPCODE> </cliente>
 <cliente><CUSTOMER_ID> 1294</CUSTOMER_ID> <FULL_NAME>Adams, Michelle</FULL_NAME> <BIRTH_DATE>03&#47;25&#47;1974</BIRTH_DATE> <CITY>Las Vegas</CITY> <STATE>Nevada  </STATE> <ZIPCODE> 90213</ZIPCODE> </cliente>
 <cliente><CUSTOMER_ID> 1295</CUSTOMER_ID> <FULL_NAME>Steen, Donahue</FULL_NAME> <BIRTH_DATE>10&#47;26&#47;1975</BIRTH_DATE> <CITY>Reno    </CITY> <STATE>Nevada  </STATE> <ZIPCODE> 90023</ZIPCODE> </cliente>
 <cliente><CUSTOMER_ID> 1296</CUSTOMER_ID> <FULL_NAME>Baker, John</FULL_NAME> <BIRTH_DATE>04&#47;22&#47;1968</BIRTH_DATE> <CITY>Reno    </CITY> <STATE>Nevada  </STATE> <ZIPCODE> 90023</ZIPCODE> </cliente>
 <cliente><CUSTOMER_ID> 1297</CUSTOMER_ID> <FULL_NAME>Pearl, Keith</FULL_NAME> <BIRTH_DATE>02&#47;03&#47;1967</BIRTH_DATE> <CITY>Reno    </CITY> <STATE>Nevada  </STATE> <ZIPCODE> 90023</ZIPCODE> </cliente>
 <cliente><CUSTOMER_ID> 1298</CUSTOMER_ID> <FULL_NAME>Roundtree, Sarah</FULL_NAME> <BIRTH_DATE>03&#47;03&#47;1960</BIRTH_DATE> <CITY>Carson City</CITY> <STATE>Nevada  </STATE> <ZIPCODE> 90112</ZIPCODE> </cliente>
 <cliente><CUSTOMER_ID> 1299</CUSTOMER_ID> <FULL_NAME>Bollin, Lawrence</FULL_NAME> <BIRTH_DATE>08&#47;14&#47;1959</BIRTH_DATE> <CITY>Carson City</CITY> <STATE>Nevada  </STATE> <ZIPCODE> 90112</ZIPCODE> </cliente>
 <cliente><CUSTOMER_ID> 1300</CUSTOMER_ID> <FULL_NAME>Hopkins, Fred</FULL_NAME> <BIRTH_DATE>02&#47;09&#47;1970</BIRTH_DATE> <CITY>Carson City</CITY> <STATE>Nevada  </STATE> <ZIPCODE> 90112</ZIPCODE> </cliente>
 <cliente><CUSTOMER_ID> 1301</CUSTOMER_ID> <FULL_NAME>Vicknair, Caroline</FULL_NAME> <BIRTH_DATE>09&#47;09&#47;1970</BIRTH_DATE> <CITY>Las Vegas</CITY> <STATE>Nevada  </STATE> <ZIPCODE> 90213</ZIPCODE> </cliente>
 <cliente><CUSTOMER_ID> 1302</CUSTOMER_ID> <FULL_NAME>McPhearson, Nancy</FULL_NAME> <BIRTH_DATE>12&#47;26&#47;1962</BIRTH_DATE> <CITY>Bend    </CITY> <STATE>Oregon  </STATE> <ZIPCODE> 96543</ZIPCODE> </cliente>
 <cliente><CUSTOMER_ID> 1303</CUSTOMER_ID> <FULL_NAME>Albright, Anna</FULL_NAME> <BIRTH_DATE>06&#47;07&#47;1956</BIRTH_DATE> <CITY>Bend    </CITY> <STATE>Oregon  </STATE> <ZIPCODE> 96543</ZIPCODE> </cliente>
 <cliente><CUSTOMER_ID> 1304</CUSTOMER_ID> <FULL_NAME>Thomas, Phyllis</FULL_NAME> <BIRTH_DATE>01&#47;15&#47;1962</BIRTH_DATE> <CITY>Bend    </CITY> <STATE>Oregon  </STATE> <ZIPCODE> 96543</ZIPCODE> </cliente>
 <cliente><CUSTOMER_ID> 1305</CUSTOMER_ID> <FULL_NAME>Perko, Tina</FULL_NAME> <BIRTH_DATE>09&#47;13&#47;1961</BIRTH_DATE> <CITY>Portland</CITY> <STATE>Oregon  </STATE> <ZIPCODE> 97653</ZIPCODE> </cliente>
 <cliente><CUSTOMER_ID> 1306</CUSTOMER_ID> <FULL_NAME>McCarty, Jane</FULL_NAME> <BIRTH_DATE>10&#47;30&#47;1963</BIRTH_DATE> <CITY>Bend    </CITY> <STATE>Oregon  </STATE> <ZIPCODE> 96543</ZIPCODE> </cliente>
 <cliente><CUSTOMER_ID> 1307</CUSTOMER_ID> <FULL_NAME>Bent, Scot</FULL_NAME> <BIRTH_DATE>12&#47;03&#47;1947</BIRTH_DATE> <CITY>Portland</CITY> <STATE>Oregon  </STATE> <ZIPCODE> 97653</ZIPCODE> </cliente>
 <cliente><CUSTOMER_ID> 1308</CUSTOMER_ID> <FULL_NAME>Chambers, Pat</FULL_NAME> <BIRTH_DATE>08&#47;06&#47;1960</BIRTH_DATE> <CITY>Portland</CITY> <STATE>Oregon  </STATE> <ZIPCODE> 97653</ZIPCODE> </cliente>
 <cliente><CUSTOMER_ID> 1309</CUSTOMER_ID> <FULL_NAME>Bellifa, Stanley</FULL_NAME> <BIRTH_DATE>09&#47;14&#47;1972</BIRTH_DATE> <CITY>Portland</CITY> <STATE>Oregon  </STATE> <ZIPCODE> 97653</ZIPCODE> </cliente>
 <cliente><CUSTOMER_ID> 1310</CUSTOMER_ID> <FULL_NAME>Johnson, Samuel</FULL_NAME> <BIRTH_DATE>06&#47;05&#47;1957</BIRTH_DATE> <CITY>Bend    </CITY> <STATE>Oregon  </STATE> <ZIPCODE> 96543</ZIPCODE> </cliente>
 <cliente><CUSTOMER_ID> 1311</CUSTOMER_ID> <FULL_NAME>Vrins, Janice</FULL_NAME> <BIRTH_DATE>07&#47;03&#47;1958</BIRTH_DATE> <CITY>Portland</CITY> <STATE>Oregon  </STATE> <ZIPCODE> 97653</ZIPCODE> </cliente>
 <cliente><CUSTOMER_ID> 1312</CUSTOMER_ID> <FULL_NAME>Mcdonald, Christinia</FULL_NAME> <BIRTH_DATE>10&#47;01&#47;1958</BIRTH_DATE> <CITY>Bend    </CITY> <STATE>Oregon  </STATE> <ZIPCODE> 96543</ZIPCODE> </cliente>
 <cliente><CUSTOMER_ID> 1313</CUSTOMER_ID> <FULL_NAME>Weldon, Ole</FULL_NAME> <BIRTH_DATE>09&#47;23&#47;1946</BIRTH_DATE> <CITY>Portland</CITY> <STATE>Oregon  </STATE> <ZIPCODE> 97653</ZIPCODE> </cliente>
 <cliente><CUSTOMER_ID> 1314</CUSTOMER_ID> <FULL_NAME>Choin, Ruth</FULL_NAME> <BIRTH_DATE>08&#47;12&#47;1964</BIRTH_DATE> <CITY>Bend    </CITY> <STATE>Oregon  </STATE> <ZIPCODE> 96543</ZIPCODE> </cliente>
 <cliente><CUSTOMER_ID> 1315</CUSTOMER_ID> <FULL_NAME>Crow, Sharon</FULL_NAME> <BIRTH_DATE>01&#47;21&#47;1971</BIRTH_DATE> <CITY>Bend    </CITY> <STATE>Oregon  </STATE> <ZIPCODE> 96543</ZIPCODE> </cliente>
 <cliente><CUSTOMER_ID> 1316</CUSTOMER_ID> <FULL_NAME>Avalos, Robert</FULL_NAME> <BIRTH_DATE>01&#47;01&#47;1975</BIRTH_DATE> <CITY>Bend     </CITY> <STATE>Oregon  </STATE> <ZIPCODE> 96543</ZIPCODE> </cliente>
 <cliente><CUSTOMER_ID> 1317</CUSTOMER_ID> <FULL_NAME>Jacobsen, Eric</FULL_NAME> <BIRTH_DATE>10&#47;28&#47;1957</BIRTH_DATE> <CITY>Portland</CITY> <STATE>Oregon  </STATE> <ZIPCODE> 97653</ZIPCODE> </cliente>
 <cliente><CUSTOMER_ID> 1318</CUSTOMER_ID> <FULL_NAME>Castro, Pamela</FULL_NAME> <BIRTH_DATE>06&#47;01&#47;1959</BIRTH_DATE> <CITY>Portland</CITY> <STATE>Oregon  </STATE> <ZIPCODE> 97653</ZIPCODE> </cliente>
 <cliente><CUSTOMER_ID> 1319</CUSTOMER_ID> <FULL_NAME>Caldwell, Sylvia</FULL_NAME> <BIRTH_DATE>04&#47;10&#47;1961</BIRTH_DATE> <CITY>Bend    </CITY> <STATE>Oregon  </STATE> <ZIPCODE> 96543</ZIPCODE> </cliente>
 <cliente><CUSTOMER_ID> 1320</CUSTOMER_ID> <FULL_NAME>Reed, Russell</FULL_NAME> <BIRTH_DATE>08&#47;06&#47;1968</BIRTH_DATE> <CITY>Portland</CITY> <STATE>Oregon  </STATE> <ZIPCODE> 97653</ZIPCODE> </cliente>
 <cliente><CUSTOMER_ID> 1321</CUSTOMER_ID> <FULL_NAME>Kelley, Victor</FULL_NAME> <BIRTH_DATE>12&#47;15&#47;1955</BIRTH_DATE> <CITY>San Francisco</CITY> <STATE>California</STATE> <ZIPCODE> 94501</ZIPCODE> </cliente>
 <cliente><CUSTOMER_ID> 1322</CUSTOMER_ID> <FULL_NAME>Taylor, Damon</FULL_NAME> <BIRTH_DATE>01&#47;18&#47;1958</BIRTH_DATE> <CITY>Los Angeles</CITY> <STATE>California</STATE> <ZIPCODE> 93078</ZIPCODE> </cliente>
 <cliente><CUSTOMER_ID> 1323</CUSTOMER_ID> <FULL_NAME>Robinson, Rebecca</FULL_NAME> <BIRTH_DATE>04&#47;30&#47;1982</BIRTH_DATE> <CITY>Santa Clara</CITY> <STATE>California</STATE> <ZIPCODE> 95054</ZIPCODE> </cliente>
 <cliente><CUSTOMER_ID> 1324</CUSTOMER_ID> <FULL_NAME>Thomsen, Andrea</FULL_NAME> <BIRTH_DATE>12&#47;10&#47;1967</BIRTH_DATE> <CITY>Bakersfield</CITY> <STATE>California</STATE> <ZIPCODE> 92321</ZIPCODE> </cliente>
 <cliente><CUSTOMER_ID> 1325</CUSTOMER_ID> <FULL_NAME>Baldwin, Douglas</FULL_NAME> <BIRTH_DATE>03&#47;07&#47;1963</BIRTH_DATE> <CITY>Bakersfield</CITY> <STATE>California</STATE> <ZIPCODE> 92321</ZIPCODE> </cliente>
 <cliente><CUSTOMER_ID> 1326</CUSTOMER_ID> <FULL_NAME>Yuhasz, Ian</FULL_NAME> <BIRTH_DATE>06&#47;08&#47;1965</BIRTH_DATE> <CITY>San Francisco</CITY> <STATE>California</STATE> <ZIPCODE> 94501</ZIPCODE> </cliente>
 <cliente><CUSTOMER_ID> 1327</CUSTOMER_ID> <FULL_NAME>Carmody, Jovita</FULL_NAME> <BIRTH_DATE>03&#47;23&#47;1958</BIRTH_DATE> <CITY>Eureka  </CITY> <STATE>California</STATE> <ZIPCODE> 96887</ZIPCODE> </cliente>
 <cliente><CUSTOMER_ID> 1328</CUSTOMER_ID> <FULL_NAME>Gonzales, Lynn</FULL_NAME> <BIRTH_DATE>11&#47;28&#47;1969</BIRTH_DATE> <CITY>San Francisco</CITY> <STATE>California</STATE> <ZIPCODE> 94501</ZIPCODE> </cliente>
 <cliente><CUSTOMER_ID> 1329</CUSTOMER_ID> <FULL_NAME>Allen, Phyllis</FULL_NAME> <BIRTH_DATE>10&#47;03&#47;1961</BIRTH_DATE> <CITY>Los Angeles</CITY> <STATE>California</STATE> <ZIPCODE> 93078</ZIPCODE> </cliente>
 <cliente><CUSTOMER_ID> 1330</CUSTOMER_ID> <FULL_NAME>Caprio, Johnny</FULL_NAME> <BIRTH_DATE>11&#47;26&#47;1948</BIRTH_DATE> <CITY>Sacramento</CITY> <STATE>California</STATE> <ZIPCODE> 96701</ZIPCODE> </cliente>
 <cliente><CUSTOMER_ID> 1331</CUSTOMER_ID> <FULL_NAME>Slaven, Lanna</FULL_NAME> <BIRTH_DATE>05&#47;30&#47;1955</BIRTH_DATE> <CITY>Santa Clara</CITY> <STATE>California</STATE> <ZIPCODE> 95054</ZIPCODE> </cliente>
 <cliente><CUSTOMER_ID> 1332</CUSTOMER_ID> <FULL_NAME>Ortiz, Fred</FULL_NAME> <BIRTH_DATE>03&#47;08&#47;1961</BIRTH_DATE> <CITY>San Diego</CITY> <STATE>California</STATE> <ZIPCODE> 92087</ZIPCODE> </cliente>
 <cliente><CUSTOMER_ID> 1333</CUSTOMER_ID> <FULL_NAME>Beaver, John</FULL_NAME> <BIRTH_DATE>11&#47;17&#47;1934</BIRTH_DATE> <CITY>Sacramento</CITY> <STATE>California</STATE> <ZIPCODE> 96701</ZIPCODE> </cliente>
 <cliente><CUSTOMER_ID> 1334</CUSTOMER_ID> <FULL_NAME>Rhodes, Albert</FULL_NAME> <BIRTH_DATE>11&#47;07&#47;1960</BIRTH_DATE> <CITY>Fresno  </CITY> <STATE>California</STATE> <ZIPCODE> 93450</ZIPCODE> </cliente>
 <cliente><CUSTOMER_ID> 1335</CUSTOMER_ID> <FULL_NAME>Kaffer, Scott</FULL_NAME> <BIRTH_DATE>04&#47;24&#47;1967</BIRTH_DATE> <CITY>Eureka  </CITY> <STATE>California</STATE> <ZIPCODE> 96887</ZIPCODE> </cliente>
 <cliente><CUSTOMER_ID> 1336</CUSTOMER_ID> <FULL_NAME>Bales, Jennifer</FULL_NAME> <BIRTH_DATE>05&#47;19&#47;1946</BIRTH_DATE> <CITY>Bakersfield</CITY> <STATE>California</STATE> <ZIPCODE> 92321</ZIPCODE> </cliente>
 <cliente><CUSTOMER_ID> 1337</CUSTOMER_ID> <FULL_NAME>Stotka, Louis</FULL_NAME> <BIRTH_DATE>06&#47;17&#47;1953</BIRTH_DATE> <CITY>Los Angeles</CITY> <STATE>California</STATE> <ZIPCODE> 93078</ZIPCODE> </cliente>
 <cliente><CUSTOMER_ID> 1338</CUSTOMER_ID> <FULL_NAME>Maynard, Sandra</FULL_NAME> <BIRTH_DATE>09&#47;05&#47;1966</BIRTH_DATE> <CITY>Spokane </CITY> <STATE>Washington</STATE> <ZIPCODE> 98320</ZIPCODE> </cliente>
 <cliente><CUSTOMER_ID> 1339</CUSTOMER_ID> <FULL_NAME>Tuell, Gracia</FULL_NAME> <BIRTH_DATE>06&#47;12&#47;1970</BIRTH_DATE> <CITY>Redmond </CITY> <STATE>Washington</STATE> <ZIPCODE> 98123</ZIPCODE> </cliente>
 <cliente><CUSTOMER_ID> 1340</CUSTOMER_ID> <FULL_NAME>Burnett, Timothy</FULL_NAME> <BIRTH_DATE>09&#47;24&#47;1956</BIRTH_DATE> <CITY>Seattle </CITY> <STATE>Washington</STATE> <ZIPCODE> 98023</ZIPCODE> </cliente>
 <cliente><CUSTOMER_ID> 1341</CUSTOMER_ID> <FULL_NAME>Haugh, James</FULL_NAME> <BIRTH_DATE>08&#47;16&#47;1946</BIRTH_DATE> <CITY>Spokane </CITY> <STATE>Washington</STATE> <ZIPCODE> 98320</ZIPCODE> </cliente>
 <cliente><CUSTOMER_ID> 1342</CUSTOMER_ID> <FULL_NAME>Moberly, Paula</FULL_NAME> <BIRTH_DATE>01&#47;27&#47;1952</BIRTH_DATE> <CITY>Seattle </CITY> <STATE>Washington</STATE> <ZIPCODE> 98023</ZIPCODE> </cliente>
 <cliente><CUSTOMER_ID> 1343</CUSTOMER_ID> <FULL_NAME>Meyer, Eric</FULL_NAME> <BIRTH_DATE>02&#47;05&#47;1971</BIRTH_DATE> <CITY>Redmond </CITY> <STATE>Washington</STATE> <ZIPCODE> 98123</ZIPCODE> </cliente>
 <cliente><CUSTOMER_ID> 1344</CUSTOMER_ID> <FULL_NAME>Orona, Gloria</FULL_NAME> <BIRTH_DATE>09&#47;25&#47;1946</BIRTH_DATE> <CITY>Seattle </CITY> <STATE>Washington</STATE> <ZIPCODE> 98023</ZIPCODE> </cliente>
 <cliente><CUSTOMER_ID> 1345</CUSTOMER_ID> <FULL_NAME>Warmack, Ruth</FULL_NAME> <BIRTH_DATE>02&#47;28&#47;1964</BIRTH_DATE> <CITY>Spokane </CITY> <STATE>Washington</STATE> <ZIPCODE> 98320</ZIPCODE> </cliente>
 <cliente><CUSTOMER_ID> 1346</CUSTOMER_ID> <FULL_NAME>Wall, Joanna</FULL_NAME> <BIRTH_DATE>03&#47;04&#47;1958</BIRTH_DATE> <CITY>Spokane </CITY> <STATE>Washington</STATE> <ZIPCODE> 98320</ZIPCODE> </cliente>
 <cliente><CUSTOMER_ID> 1347</CUSTOMER_ID> <FULL_NAME>Appelbaum, Sabria</FULL_NAME> <BIRTH_DATE>11&#47;21&#47;1955</BIRTH_DATE> <CITY>Redmond </CITY> <STATE>Washington</STATE> <ZIPCODE> 98123</ZIPCODE> </cliente>
 <cliente><CUSTOMER_ID> 1348</CUSTOMER_ID> <FULL_NAME>Kung, Jeffrey</FULL_NAME> <BIRTH_DATE>08&#47;02&#47;1962</BIRTH_DATE> <CITY>Spokane </CITY> <STATE>Washington</STATE> <ZIPCODE> 98320</ZIPCODE> </cliente>
 <cliente><CUSTOMER_ID> 1349</CUSTOMER_ID> <FULL_NAME>Wilson, Gloria</FULL_NAME> <BIRTH_DATE>09&#47;17&#47;1956</BIRTH_DATE> <CITY>Seattle </CITY> <STATE>Washington</STATE> <ZIPCODE> 98023</ZIPCODE> </cliente>
 <cliente><CUSTOMER_ID> 1350</CUSTOMER_ID> <FULL_NAME>Tuffield, Phyllis</FULL_NAME> <BIRTH_DATE>02&#47;27&#47;1957</BIRTH_DATE> <CITY>Seattle </CITY> <STATE>Washington</STATE> <ZIPCODE> 98023</ZIPCODE> </cliente>
 <cliente><CUSTOMER_ID> 1351</CUSTOMER_ID> <FULL_NAME>Ping, Patricia</FULL_NAME> <BIRTH_DATE>10&#47;27&#47;1958</BIRTH_DATE> <CITY>Seattle </CITY> <STATE>Washington</STATE> <ZIPCODE> 98023</ZIPCODE> </cliente>
 <cliente><CUSTOMER_ID> 1352</CUSTOMER_ID> <FULL_NAME>Shepard, David</FULL_NAME> <BIRTH_DATE>05&#47;17&#47;1946</BIRTH_DATE> <CITY>Spokane </CITY> <STATE>Washington</STATE> <ZIPCODE> 98320</ZIPCODE> </cliente>
 <cliente><CUSTOMER_ID> 1353</CUSTOMER_ID> <FULL_NAME>Bailey, James</FULL_NAME> <BIRTH_DATE>05&#47;07&#47;1966</BIRTH_DATE> <CITY>Redmond </CITY> <STATE>Washington</STATE> <ZIPCODE> 98123</ZIPCODE> </cliente>
 <cliente><CUSTOMER_ID> 1354</CUSTOMER_ID> <FULL_NAME>Chestnut, Susan</FULL_NAME> <BIRTH_DATE>10&#47;23&#47;1955</BIRTH_DATE> <CITY>Redmond </CITY> <STATE>Washington</STATE> <ZIPCODE> 98123</ZIPCODE> </cliente>
 <cliente><CUSTOMER_ID> 1355</CUSTOMER_ID> <FULL_NAME>Toone, Delia</FULL_NAME> <BIRTH_DATE>07&#47;22&#47;1959</BIRTH_DATE> <CITY>Seattle </CITY> <STATE>Washington</STATE> <ZIPCODE> 98023</ZIPCODE> </cliente>
 <cliente><CUSTOMER_ID> 1356</CUSTOMER_ID> <FULL_NAME>Armstrong, Thomas</FULL_NAME> <BIRTH_DATE>03&#47;24&#47;1952</BIRTH_DATE> <CITY>Seattle </CITY> <STATE>Washington</STATE> <ZIPCODE> 98023</ZIPCODE> </cliente>
 <cliente><CUSTOMER_ID> 1357</CUSTOMER_ID> <FULL_NAME>Billstrom, Mary</FULL_NAME> <BIRTH_DATE>09&#47;06&#47;1947</BIRTH_DATE> <CITY>Seattle </CITY> <STATE>Washington</STATE> <ZIPCODE> 98023</ZIPCODE> </cliente>
 <cliente><CUSTOMER_ID> 1358</CUSTOMER_ID> <FULL_NAME>Stotka, Robert</FULL_NAME> <BIRTH_DATE>05&#47;23&#47;1950</BIRTH_DATE> <CITY>Redmond </CITY> <STATE>Washington</STATE> <ZIPCODE> 98123</ZIPCODE> </cliente>
 <cliente><CUSTOMER_ID> 1359</CUSTOMER_ID> <FULL_NAME>Johnson, Danielle</FULL_NAME> <BIRTH_DATE>09&#47;30&#47;1972</BIRTH_DATE> <CITY>Seattle </CITY> <STATE>Washington</STATE> <ZIPCODE> 98023</ZIPCODE> </cliente>
</clientesMinoristas>
