<?xml version="1.0" encoding="UTF-8"?>
<clientesMayoristas>
 <cliente><CUSTOMER_ID> 2001</CUSTOMER_ID> <FULL_NAME>Son, Alma</FULL_NAME> <BIRTH_DATE>08&#47;12&#47;1961</BIRTH_DATE> <CITY>Millbrook </CITY> <STATE>New York</STATE> <ZIPCODE> 24591</ZIPCODE> </cliente>
 <cliente><CUSTOMER_ID> 2002</CUSTOMER_ID> <FULL_NAME>Brandon, Cornelius</FULL_NAME> <BIRTH_DATE>09&#47;04&#47;1961</BIRTH_DATE> <CITY>Manhattan</CITY> <STATE>New York</STATE> <ZIPCODE> 12113</ZIPCODE> </cliente>
 <cliente><CUSTOMER_ID> 2003</CUSTOMER_ID> <FULL_NAME>Quintana, Monica</FULL_NAME> <BIRTH_DATE>12&#47;19&#47;1972</BIRTH_DATE> <CITY>Long Island</CITY> <STATE>New York</STATE> <ZIPCODE> 19088</ZIPCODE> </cliente>
 <cliente><CUSTOMER_ID> 2004</CUSTOMER_ID> <FULL_NAME>Colon, John</FULL_NAME> <BIRTH_DATE>10&#47;28&#47;1953</BIRTH_DATE> <CITY>Millbrook </CITY> <STATE>New York</STATE> <ZIPCODE> 24591</ZIPCODE> </cliente>
 <cliente><CUSTOMER_ID> 2005</CUSTOMER_ID> <FULL_NAME>Barlow, Brenda</FULL_NAME> <BIRTH_DATE>01&#47;28&#47;1965</BIRTH_DATE> <CITY>Poughkeepsie</CITY> <STATE>New York</STATE> <ZIPCODE> 21098</ZIPCODE> </cliente>
 <cliente><CUSTOMER_ID> 2006</CUSTOMER_ID> <FULL_NAME>Adina, Ronald</FULL_NAME> <BIRTH_DATE>11&#47;30&#47;1944</BIRTH_DATE> <CITY>Yorktown </CITY> <STATE>New York</STATE> <ZIPCODE> 29844</ZIPCODE> </cliente>
 <cliente><CUSTOMER_ID> 2007</CUSTOMER_ID> <FULL_NAME>Bohling, Michael</FULL_NAME> <BIRTH_DATE>10&#47;01&#47;1964</BIRTH_DATE> <CITY>Poughkeepsie</CITY> <STATE>New York</STATE> <ZIPCODE> 21101</ZIPCODE> </cliente>
 <cliente><CUSTOMER_ID> 2008</CUSTOMER_ID> <FULL_NAME>Wheeler, Sam</FULL_NAME> <BIRTH_DATE>01&#47;13&#47;1958</BIRTH_DATE> <CITY>Buffalo     </CITY> <STATE>New York</STATE> <ZIPCODE> 30095</ZIPCODE> </cliente>
 <cliente><CUSTOMER_ID> 2009</CUSTOMER_ID> <FULL_NAME>Swearengin, Abraham</FULL_NAME> <BIRTH_DATE>02&#47;27&#47;1959</BIRTH_DATE> <CITY>Long Island</CITY> <STATE>New York</STATE> <ZIPCODE> 19090</ZIPCODE> </cliente>
 <cliente><CUSTOMER_ID> 2010</CUSTOMER_ID> <FULL_NAME>Givens, David</FULL_NAME> <BIRTH_DATE>11&#47;05&#47;1961</BIRTH_DATE> <CITY>Buffalo     </CITY> <STATE>New York</STATE> <ZIPCODE> 30098</ZIPCODE> </cliente>
 <cliente><CUSTOMER_ID> 2011</CUSTOMER_ID> <FULL_NAME>Beanston, Glenna</FULL_NAME> <BIRTH_DATE>07&#47;08&#47;1950</BIRTH_DATE> <CITY>Manhattan</CITY> <STATE>New York</STATE> <ZIPCODE> 12111</ZIPCODE> </cliente>
 <cliente><CUSTOMER_ID> 2012</CUSTOMER_ID> <FULL_NAME>Bruno, Dirk</FULL_NAME> <BIRTH_DATE>03&#47;02&#47;1959</BIRTH_DATE> <CITY>Ithaca      </CITY> <STATE>New York</STATE> <ZIPCODE> 27921</ZIPCODE> </cliente>
 <cliente><CUSTOMER_ID> 2013</CUSTOMER_ID> <FULL_NAME>Berger, Alexander</FULL_NAME> <BIRTH_DATE>02&#47;02&#47;1972</BIRTH_DATE> <CITY>Buffalo     </CITY> <STATE>New York</STATE> <ZIPCODE> 30095</ZIPCODE> </cliente>
 <cliente><CUSTOMER_ID> 2014</CUSTOMER_ID> <FULL_NAME>Sultan, Marcia</FULL_NAME> <BIRTH_DATE>07&#47;06&#47;1966</BIRTH_DATE> <CITY>Long Island</CITY> <STATE>New York</STATE> <ZIPCODE> 19092</ZIPCODE> </cliente>
 <cliente><CUSTOMER_ID> 2015</CUSTOMER_ID> <FULL_NAME>Svoboda, Martin</FULL_NAME> <BIRTH_DATE>04&#47;07&#47;1963</BIRTH_DATE> <CITY>Poughkeepsie</CITY> <STATE>New York</STATE> <ZIPCODE> 21099</ZIPCODE> </cliente>
 <cliente><CUSTOMER_ID> 2016</CUSTOMER_ID> <FULL_NAME>Tullao, Mary</FULL_NAME> <BIRTH_DATE>08&#47;01&#47;1966</BIRTH_DATE> <CITY>Manhattan</CITY> <STATE>New York</STATE> <ZIPCODE> 12117</ZIPCODE> </cliente>
 <cliente><CUSTOMER_ID> 2017</CUSTOMER_ID> <FULL_NAME>Hernandez, Irene</FULL_NAME> <BIRTH_DATE>06&#47;09&#47;1967</BIRTH_DATE> <CITY>Millbrook  </CITY> <STATE>New York</STATE> <ZIPCODE> 24599</ZIPCODE> </cliente>
 <cliente><CUSTOMER_ID> 2018</CUSTOMER_ID> <FULL_NAME>Wilkie, Jay Saxema</FULL_NAME> <BIRTH_DATE>12&#47;11&#47;1950</BIRTH_DATE> <CITY>Sudbury  </CITY> <STATE>Massachusetts</STATE> <ZIPCODE> 11003</ZIPCODE> </cliente>
 <cliente><CUSTOMER_ID> 2019</CUSTOMER_ID> <FULL_NAME>Lunt, Sean</FULL_NAME> <BIRTH_DATE>10&#47;18&#47;1953</BIRTH_DATE> <CITY>Andover   </CITY> <STATE>Massachusetts</STATE> <ZIPCODE> 8733</ZIPCODE> </cliente>
 <cliente><CUSTOMER_ID> 2020</CUSTOMER_ID> <FULL_NAME>Fulton, Paul</FULL_NAME> <BIRTH_DATE>02&#47;12&#47;1947</BIRTH_DATE> <CITY>Boston    </CITY> <STATE>Massachusetts</STATE> <ZIPCODE> 4033</ZIPCODE> </cliente>
 <cliente><CUSTOMER_ID> 2021</CUSTOMER_ID> <FULL_NAME>Dillon, Rudolph</FULL_NAME> <BIRTH_DATE>03&#47;12&#47;1953</BIRTH_DATE> <CITY>Acton      </CITY> <STATE>Massachusetts</STATE> <ZIPCODE> 10905</ZIPCODE> </cliente>
 <cliente><CUSTOMER_ID> 2022</CUSTOMER_ID> <FULL_NAME>Miller, Matthew</FULL_NAME> <BIRTH_DATE>06&#47;12&#47;1971</BIRTH_DATE> <CITY>Cape Cod</CITY> <STATE>Massachusetts</STATE> <ZIPCODE> 10981</ZIPCODE> </cliente>
 <cliente><CUSTOMER_ID> 2023</CUSTOMER_ID> <FULL_NAME>Stern, Vassar</FULL_NAME> <BIRTH_DATE>12&#47;29&#47;1965</BIRTH_DATE> <CITY>Acton      </CITY> <STATE>Massachusetts</STATE> <ZIPCODE> 10902</ZIPCODE> </cliente>
 <cliente><CUSTOMER_ID> 2024</CUSTOMER_ID> <FULL_NAME>Suffin, Ruth</FULL_NAME> <BIRTH_DATE>02&#47;15&#47;1949</BIRTH_DATE> <CITY>Cape Cod    </CITY> <STATE>Massachusetts</STATE> <ZIPCODE> 10976</ZIPCODE> </cliente>
 <cliente><CUSTOMER_ID> 2025</CUSTOMER_ID> <FULL_NAME>Cleary, Kristine</FULL_NAME> <BIRTH_DATE>09&#47;14&#47;1958</BIRTH_DATE> <CITY>Andover   </CITY> <STATE>Massachusetts</STATE> <ZIPCODE> 8737</ZIPCODE> </cliente>
 <cliente><CUSTOMER_ID> 2026</CUSTOMER_ID> <FULL_NAME>Homax, Jaunita</FULL_NAME> <BIRTH_DATE>11&#47;10&#47;1965</BIRTH_DATE> <CITY>Acton      </CITY> <STATE>Massachusetts</STATE> <ZIPCODE> 10908</ZIPCODE> </cliente>
 <cliente><CUSTOMER_ID> 2027</CUSTOMER_ID> <FULL_NAME>Adams, Margaret</FULL_NAME> <BIRTH_DATE>12&#47;31&#47;1951</BIRTH_DATE> <CITY>Acton      </CITY> <STATE>Massachusetts</STATE> <ZIPCODE> 10902</ZIPCODE> </cliente>
 <cliente><CUSTOMER_ID> 2028</CUSTOMER_ID> <FULL_NAME>Zubaty, Carla</FULL_NAME> <BIRTH_DATE>05&#47;26&#47;1962</BIRTH_DATE> <CITY>Cape Cod  </CITY> <STATE>Massachusetts</STATE> <ZIPCODE> 10979</ZIPCODE> </cliente>
 <cliente><CUSTOMER_ID> 2029</CUSTOMER_ID> <FULL_NAME>Khan, Tammy</FULL_NAME> <BIRTH_DATE>08&#47;31&#47;1960</BIRTH_DATE> <CITY>Acton      </CITY> <STATE>Massachusetts</STATE> <ZIPCODE> 10900</ZIPCODE> </cliente>
 <cliente><CUSTOMER_ID> 2030</CUSTOMER_ID> <FULL_NAME>Brinkd, David</FULL_NAME> <BIRTH_DATE>05&#47;08&#47;1955</BIRTH_DATE> <CITY>Sudbury </CITY> <STATE>Massachusetts</STATE> <ZIPCODE> 11008</ZIPCODE> </cliente>
 <cliente><CUSTOMER_ID> 2031</CUSTOMER_ID> <FULL_NAME>Clark, James</FULL_NAME> <BIRTH_DATE>03&#47;30&#47;1949</BIRTH_DATE> <CITY>Sudbury </CITY> <STATE>Massachusetts</STATE> <ZIPCODE> 11009</ZIPCODE> </cliente>
 <cliente><CUSTOMER_ID> 2032</CUSTOMER_ID> <FULL_NAME>Dennis, Helen</FULL_NAME> <BIRTH_DATE>01&#47;02&#47;1958</BIRTH_DATE> <CITY>Cape Cod</CITY> <STATE>Massachusetts</STATE> <ZIPCODE> 10980</ZIPCODE> </cliente>
 <cliente><CUSTOMER_ID> 2033</CUSTOMER_ID> <FULL_NAME>Brumfield, Eric</FULL_NAME> <BIRTH_DATE>01&#47;22&#47;1951</BIRTH_DATE> <CITY>Acton   </CITY> <STATE>Massachusetts</STATE> <ZIPCODE> 10903</ZIPCODE> </cliente>
 <cliente><CUSTOMER_ID> 2034</CUSTOMER_ID> <FULL_NAME>Sanchez, Madalena</FULL_NAME> <BIRTH_DATE>07&#47;26&#47;1959</BIRTH_DATE> <CITY>Acton   </CITY> <STATE>Massachusetts</STATE> <ZIPCODE> 10904</ZIPCODE> </cliente>
 <cliente><CUSTOMER_ID> 2035</CUSTOMER_ID> <FULL_NAME>Suess, Gary</FULL_NAME> <BIRTH_DATE>05&#47;31&#47;1945</BIRTH_DATE> <CITY>Acton   </CITY> <STATE>Massachusetts</STATE> <ZIPCODE> 10901</ZIPCODE> </cliente>
 <cliente><CUSTOMER_ID> 2036</CUSTOMER_ID> <FULL_NAME>Trach, Glenn</FULL_NAME> <BIRTH_DATE>44&#47;45&#47;1943</BIRTH_DATE> <CITY>Andover </CITY> <STATE>Massachusetts</STATE> <ZIPCODE> 8739</ZIPCODE> </cliente>
 <cliente><CUSTOMER_ID> 2037</CUSTOMER_ID> <FULL_NAME>White, Cynthia</FULL_NAME> <BIRTH_DATE>07&#47;10&#47;1954</BIRTH_DATE> <CITY>Sudbury </CITY> <STATE>Massachusetts</STATE> <ZIPCODE> 11007</ZIPCODE> </cliente>
 <cliente><CUSTOMER_ID> 2038</CUSTOMER_ID> <FULL_NAME>Brian, Walter</FULL_NAME> <BIRTH_DATE>05&#47;24&#47;1962</BIRTH_DATE> <CITY>Andover </CITY> <STATE>Massachusetts</STATE> <ZIPCODE> 8739</ZIPCODE> </cliente>
 <cliente><CUSTOMER_ID> 2039</CUSTOMER_ID> <FULL_NAME>Trujillo, Christie</FULL_NAME> <BIRTH_DATE>11&#47;11&#47;1972</BIRTH_DATE> <CITY>Andover </CITY> <STATE>Massachusetts</STATE> <ZIPCODE> 8739</ZIPCODE> </cliente>
 <cliente><CUSTOMER_ID> 2040</CUSTOMER_ID> <FULL_NAME>Alameda, Lili</FULL_NAME> <BIRTH_DATE>04&#47;25&#47;1954</BIRTH_DATE> <CITY>Portsmouth</CITY> <STATE>New Hampshire</STATE> <ZIPCODE> 6553</ZIPCODE> </cliente>
 <cliente><CUSTOMER_ID> 2041</CUSTOMER_ID> <FULL_NAME>Fox, Dorothy</FULL_NAME> <BIRTH_DATE>04&#47;03&#47;1972</BIRTH_DATE> <CITY>Portsmouth</CITY> <STATE>New Hampshire</STATE> <ZIPCODE> 6555</ZIPCODE> </cliente>
 <cliente><CUSTOMER_ID> 2042</CUSTOMER_ID> <FULL_NAME>Gallagher, Aldeen</FULL_NAME> <BIRTH_DATE>06&#47;07&#47;1962</BIRTH_DATE> <CITY>Manchester</CITY> <STATE>New Hampshire</STATE> <ZIPCODE> 7569</ZIPCODE> </cliente>
 <cliente><CUSTOMER_ID> 2043</CUSTOMER_ID> <FULL_NAME>Myer, Dorothy</FULL_NAME> <BIRTH_DATE>09&#47;02&#47;1964</BIRTH_DATE> <CITY>Manchester</CITY> <STATE>New Hampshire</STATE> <ZIPCODE> 7566</ZIPCODE> </cliente>
 <cliente><CUSTOMER_ID> 2044</CUSTOMER_ID> <FULL_NAME>Byrnes, David</FULL_NAME> <BIRTH_DATE>08&#47;12&#47;1953</BIRTH_DATE> <CITY>Portsmouth</CITY> <STATE>New Hampshire</STATE> <ZIPCODE> 6548</ZIPCODE> </cliente>
 <cliente><CUSTOMER_ID> 2045</CUSTOMER_ID> <FULL_NAME>Ryan, Justine</FULL_NAME> <BIRTH_DATE>12&#47;16&#47;1962</BIRTH_DATE> <CITY>Manchester</CITY> <STATE>New Hampshire</STATE> <ZIPCODE> 7571</ZIPCODE> </cliente>
 <cliente><CUSTOMER_ID> 2046</CUSTOMER_ID> <FULL_NAME>Chand, Forrest</FULL_NAME> <BIRTH_DATE>07&#47;16&#47;1953</BIRTH_DATE> <CITY>Portsmouth</CITY> <STATE>New Hampshire</STATE> <ZIPCODE> 6548</ZIPCODE> </cliente>
 <cliente><CUSTOMER_ID> 2047</CUSTOMER_ID> <FULL_NAME>Vanderkamp, Margaret</FULL_NAME> <BIRTH_DATE>06&#47;12&#47;1964</BIRTH_DATE> <CITY>Portsmouth</CITY> <STATE>New Hampshire</STATE> <ZIPCODE> 6555</ZIPCODE> </cliente>
 <cliente><CUSTOMER_ID> 2048</CUSTOMER_ID> <FULL_NAME>Carroll, Rosmarie</FULL_NAME> <BIRTH_DATE>05&#47;31&#47;1950</BIRTH_DATE> <CITY>Portsmouth</CITY> <STATE>New Hampshire</STATE> <ZIPCODE> 6548</ZIPCODE> </cliente>
 <cliente><CUSTOMER_ID> 2049</CUSTOMER_ID> <FULL_NAME>Contreras, Dorothy</FULL_NAME> <BIRTH_DATE>06&#47;02&#47;1960</BIRTH_DATE> <CITY>Manchester</CITY> <STATE>New Hampshire</STATE> <ZIPCODE> 7566</ZIPCODE> </cliente>
 <cliente><CUSTOMER_ID> 2050</CUSTOMER_ID> <FULL_NAME>Cantoni, Joseph</FULL_NAME> <BIRTH_DATE>03&#47;08&#47;1958</BIRTH_DATE> <CITY>Manchester</CITY> <STATE>New Hampshire</STATE> <ZIPCODE> 7569</ZIPCODE> </cliente>
 <cliente><CUSTOMER_ID> 2051</CUSTOMER_ID> <FULL_NAME>Reed, Celine</FULL_NAME> <BIRTH_DATE>11&#47;01&#47;1951</BIRTH_DATE> <CITY>Manchester</CITY> <STATE>New Hampshire</STATE> <ZIPCODE> 7571</ZIPCODE> </cliente>
 <cliente><CUSTOMER_ID> 2052</CUSTOMER_ID> <FULL_NAME>Peterson, Glin</FULL_NAME> <BIRTH_DATE>06&#47;29&#47;1956</BIRTH_DATE> <CITY>New London</CITY> <STATE>Connecticut</STATE> <ZIPCODE> 13792</ZIPCODE> </cliente>
 <cliente><CUSTOMER_ID> 2053</CUSTOMER_ID> <FULL_NAME>Osborn, Stephen</FULL_NAME> <BIRTH_DATE>10&#47;04&#47;1956</BIRTH_DATE> <CITY>New Canaan</CITY> <STATE>Connecticut</STATE> <ZIPCODE> 13254</ZIPCODE> </cliente>
 <cliente><CUSTOMER_ID> 2054</CUSTOMER_ID> <FULL_NAME>Graham., Lowell</FULL_NAME> <BIRTH_DATE>01&#47;08&#47;1952</BIRTH_DATE> <CITY>Danbury </CITY> <STATE>Connecticut</STATE> <ZIPCODE> 14018</ZIPCODE> </cliente>
 <cliente><CUSTOMER_ID> 2055</CUSTOMER_ID> <FULL_NAME>Shaddy, Jamie</FULL_NAME> <BIRTH_DATE>03&#47;25&#47;1967</BIRTH_DATE> <CITY>New Canaan</CITY> <STATE>Connecticut</STATE> <ZIPCODE> 13249</ZIPCODE> </cliente>
 <cliente><CUSTOMER_ID> 2056</CUSTOMER_ID> <FULL_NAME>Haemon, Hattie</FULL_NAME> <BIRTH_DATE>07&#47;22&#47;1958</BIRTH_DATE> <CITY>New London</CITY> <STATE>Connecticut</STATE> <ZIPCODE> 13789</ZIPCODE> </cliente>
 <cliente><CUSTOMER_ID> 2057</CUSTOMER_ID> <FULL_NAME>Krow, Jame</FULL_NAME> <BIRTH_DATE>09&#47;26&#47;1952</BIRTH_DATE> <CITY>Danbury </CITY> <STATE>Connecticut</STATE> <ZIPCODE> 14020</ZIPCODE> </cliente>
 <cliente><CUSTOMER_ID> 2058</CUSTOMER_ID> <FULL_NAME>Belli, Shane</FULL_NAME> <BIRTH_DATE>12&#47;23&#47;1948</BIRTH_DATE> <CITY>New London</CITY> <STATE>Connecticut</STATE> <ZIPCODE> 13790</ZIPCODE> </cliente>
 <cliente><CUSTOMER_ID> 2059</CUSTOMER_ID> <FULL_NAME>Porter, Ethel</FULL_NAME> <BIRTH_DATE>10&#47;03&#47;1962</BIRTH_DATE> <CITY>New London</CITY> <STATE>Connecticut</STATE> <ZIPCODE> 13790</ZIPCODE> </cliente>
 <cliente><CUSTOMER_ID> 2060</CUSTOMER_ID> <FULL_NAME>Lesko, Gloria</FULL_NAME> <BIRTH_DATE>09&#47;05&#47;1948</BIRTH_DATE> <CITY>New London</CITY> <STATE>Connecticut</STATE> <ZIPCODE> 13788</ZIPCODE> </cliente>
 <cliente><CUSTOMER_ID> 2061</CUSTOMER_ID> <FULL_NAME>Worland, Michael</FULL_NAME> <BIRTH_DATE>01&#47;24&#47;1948</BIRTH_DATE> <CITY>New London</CITY> <STATE>Connecticut</STATE> <ZIPCODE> 13787</ZIPCODE> </cliente>
 <cliente><CUSTOMER_ID> 2062</CUSTOMER_ID> <FULL_NAME>Torre, Alvin</FULL_NAME> <BIRTH_DATE>10&#47;20&#47;1957</BIRTH_DATE> <CITY>Danbury </CITY> <STATE>Connecticut</STATE> <ZIPCODE> 14012</ZIPCODE> </cliente>
 <cliente><CUSTOMER_ID> 2063</CUSTOMER_ID> <FULL_NAME>Ramos, Susan</FULL_NAME> <BIRTH_DATE>06&#47;06&#47;1964</BIRTH_DATE> <CITY>New Canaan</CITY> <STATE>Connecticut</STATE> <ZIPCODE> 13250</ZIPCODE> </cliente>
 <cliente><CUSTOMER_ID> 2064</CUSTOMER_ID> <FULL_NAME>Christie, Jill</FULL_NAME> <BIRTH_DATE>11&#47;13&#47;1965</BIRTH_DATE> <CITY>New Canaan</CITY> <STATE>Connecticut</STATE> <ZIPCODE> 13247</ZIPCODE> </cliente>
 <cliente><CUSTOMER_ID> 2065</CUSTOMER_ID> <FULL_NAME>Zocchi, Juanita</FULL_NAME> <BIRTH_DATE>08&#47;18&#47;1948</BIRTH_DATE> <CITY>New London</CITY> <STATE>Connecticut</STATE> <ZIPCODE> 13794</ZIPCODE> </cliente>
 <cliente><CUSTOMER_ID> 2066</CUSTOMER_ID> <FULL_NAME>Altamirano, Sandra</FULL_NAME> <BIRTH_DATE>06&#47;23&#47;1960</BIRTH_DATE> <CITY>Danbury </CITY> <STATE>Connecticut</STATE> <ZIPCODE> 14014</ZIPCODE> </cliente>
 <cliente><CUSTOMER_ID> 2067</CUSTOMER_ID> <FULL_NAME>Benson, Edna</FULL_NAME> <BIRTH_DATE>01&#47;18&#47;1965</BIRTH_DATE> <CITY>New London</CITY> <STATE>Connecticut</STATE> <ZIPCODE> 13789</ZIPCODE> </cliente>
 <cliente><CUSTOMER_ID> 2068</CUSTOMER_ID> <FULL_NAME>Deborde, Alexander</FULL_NAME> <BIRTH_DATE>06&#47;06&#47;1959</BIRTH_DATE> <CITY>New Canaan</CITY> <STATE>Connecticut</STATE> <ZIPCODE> 13252</ZIPCODE> </cliente>
 <cliente><CUSTOMER_ID> 2069</CUSTOMER_ID> <FULL_NAME>Calone, Barbara</FULL_NAME> <BIRTH_DATE>09&#47;30&#47;1959</BIRTH_DATE> <CITY>New London</CITY> <STATE>Connecticut</STATE> <ZIPCODE> 13793</ZIPCODE> </cliente>
 <cliente><CUSTOMER_ID> 2070</CUSTOMER_ID> <FULL_NAME>Pompa, Cheryl</FULL_NAME> <BIRTH_DATE>10&#47;22&#47;1956</BIRTH_DATE> <CITY>New Canaan</CITY> <STATE>Connecticut</STATE> <ZIPCODE> 13252</ZIPCODE> </cliente>
 <cliente><CUSTOMER_ID> 2071</CUSTOMER_ID> <FULL_NAME>Traube, Doris</FULL_NAME> <BIRTH_DATE>02&#47;17&#47;1954</BIRTH_DATE> <CITY>Tampa Bay</CITY> <STATE>Florida </STATE> <ZIPCODE> 37705</ZIPCODE> </cliente>
 <cliente><CUSTOMER_ID> 2072</CUSTOMER_ID> <FULL_NAME>Sloan, Cathy</FULL_NAME> <BIRTH_DATE>11&#47;25&#47;1960</BIRTH_DATE> <CITY>Miami   </CITY> <STATE>Florida </STATE> <ZIPCODE> 33360</ZIPCODE> </cliente>
 <cliente><CUSTOMER_ID> 2073</CUSTOMER_ID> <FULL_NAME>Villa, Homer</FULL_NAME> <BIRTH_DATE>10&#47;25&#47;1957</BIRTH_DATE> <CITY>Miami   </CITY> <STATE>Florida </STATE> <ZIPCODE> 33362</ZIPCODE> </cliente>
 <cliente><CUSTOMER_ID> 2074</CUSTOMER_ID> <FULL_NAME>Herman, Deena</FULL_NAME> <BIRTH_DATE>10&#47;09&#47;1953</BIRTH_DATE> <CITY>Tampa Bay</CITY> <STATE>Florida </STATE> <ZIPCODE> 37701</ZIPCODE> </cliente>
 <cliente><CUSTOMER_ID> 2075</CUSTOMER_ID> <FULL_NAME>Roberts, Leota</FULL_NAME> <BIRTH_DATE>02&#47;06&#47;1949</BIRTH_DATE> <CITY>Miami   </CITY> <STATE>Florida </STATE> <ZIPCODE> 33356</ZIPCODE> </cliente>
 <cliente><CUSTOMER_ID> 2076</CUSTOMER_ID> <FULL_NAME>Mc Clane, John</FULL_NAME> <BIRTH_DATE>08&#47;27&#47;1952</BIRTH_DATE> <CITY>Miami   </CITY> <STATE>Florida </STATE> <ZIPCODE> 33362</ZIPCODE> </cliente>
 <cliente><CUSTOMER_ID> 2077</CUSTOMER_ID> <FULL_NAME>Maxham, Jennifer</FULL_NAME> <BIRTH_DATE>04&#47;04&#47;1948</BIRTH_DATE> <CITY>Tampa Bay</CITY> <STATE>Florida  </STATE> <ZIPCODE> 37699</ZIPCODE> </cliente>
 <cliente><CUSTOMER_ID> 2078</CUSTOMER_ID> <FULL_NAME>Sullivan, Elizabeth</FULL_NAME> <BIRTH_DATE>12&#47;02&#47;1950</BIRTH_DATE> <CITY>Tampa Bay</CITY> <STATE>Florida </STATE> <ZIPCODE> 37705</ZIPCODE> </cliente>
 <cliente><CUSTOMER_ID> 2079</CUSTOMER_ID> <FULL_NAME>Watada, Irene</FULL_NAME> <BIRTH_DATE>04&#47;24&#47;1968</BIRTH_DATE> <CITY>Miami   </CITY> <STATE>Florida </STATE> <ZIPCODE> 33363</ZIPCODE> </cliente>
 <cliente><CUSTOMER_ID> 2080</CUSTOMER_ID> <FULL_NAME>Rhiger, Constance</FULL_NAME> <BIRTH_DATE>09&#47;23&#47;1964</BIRTH_DATE> <CITY>Orlando </CITY> <STATE>Florida </STATE> <ZIPCODE> 33549</ZIPCODE> </cliente>
 <cliente><CUSTOMER_ID> 2081</CUSTOMER_ID> <FULL_NAME>Finley, Rhoda</FULL_NAME> <BIRTH_DATE>06&#47;30&#47;1956</BIRTH_DATE> <CITY>Miami   </CITY> <STATE>Florida </STATE> <ZIPCODE> 33356</ZIPCODE> </cliente>
 <cliente><CUSTOMER_ID> 2082</CUSTOMER_ID> <FULL_NAME>Winter, Kathleen</FULL_NAME> <BIRTH_DATE>06&#47;29&#47;1959</BIRTH_DATE> <CITY>Miami   </CITY> <STATE>Florida </STATE> <ZIPCODE> 33360</ZIPCODE> </cliente>
 <cliente><CUSTOMER_ID> 2083</CUSTOMER_ID> <FULL_NAME>Adams, Carla</FULL_NAME> <BIRTH_DATE>07&#47;29&#47;1942</BIRTH_DATE> <CITY>Miami   </CITY> <STATE>Florida </STATE> <ZIPCODE> 33362</ZIPCODE> </cliente>
 <cliente><CUSTOMER_ID> 2084</CUSTOMER_ID> <FULL_NAME>Tench, Vanessa</FULL_NAME> <BIRTH_DATE>04&#47;17&#47;1950</BIRTH_DATE> <CITY>Tampa Bay</CITY> <STATE>Florida </STATE> <ZIPCODE> 37707</ZIPCODE> </cliente>
 <cliente><CUSTOMER_ID> 2085</CUSTOMER_ID> <FULL_NAME>Brink, Carol</FULL_NAME> <BIRTH_DATE>06&#47;16&#47;1951</BIRTH_DATE> <CITY>Miami   </CITY> <STATE>Florida </STATE> <ZIPCODE> 33362</ZIPCODE> </cliente>
 <cliente><CUSTOMER_ID> 2086</CUSTOMER_ID> <FULL_NAME>Reynolds, Adam</FULL_NAME> <BIRTH_DATE>03&#47;21&#47;1953</BIRTH_DATE> <CITY>Orlando  </CITY> <STATE>Florida </STATE> <ZIPCODE> 33551</ZIPCODE> </cliente>
 <cliente><CUSTOMER_ID> 2087</CUSTOMER_ID> <FULL_NAME>Posner, Constance</FULL_NAME> <BIRTH_DATE>10&#47;16&#47;1939</BIRTH_DATE> <CITY>Orlando </CITY> <STATE>Florida </STATE> <ZIPCODE> 33543</ZIPCODE> </cliente>
 <cliente><CUSTOMER_ID> 2088</CUSTOMER_ID> <FULL_NAME>Hapke, William</FULL_NAME> <BIRTH_DATE>05&#47;05&#47;1975</BIRTH_DATE> <CITY>Miami   </CITY> <STATE>Florida </STATE> <ZIPCODE> 33360</ZIPCODE> </cliente>
 <cliente><CUSTOMER_ID> 2089</CUSTOMER_ID> <FULL_NAME>Huff, Joshua</FULL_NAME> <BIRTH_DATE>09&#47;02&#47;1951</BIRTH_DATE> <CITY>Miami   </CITY> <STATE>Florida </STATE> <ZIPCODE> 33354</ZIPCODE> </cliente>
 <cliente><CUSTOMER_ID> 2090</CUSTOMER_ID> <FULL_NAME>Brown, Carolee</FULL_NAME> <BIRTH_DATE>07&#47;25&#47;1973</BIRTH_DATE> <CITY>Tampa Bay</CITY> <STATE>Florida </STATE> <ZIPCODE> 37706</ZIPCODE> </cliente>
 <cliente><CUSTOMER_ID> 2091</CUSTOMER_ID> <FULL_NAME>Giglio, Frances</FULL_NAME> <BIRTH_DATE>01&#47;21&#47;1963</BIRTH_DATE> <CITY>Tampa Bay</CITY> <STATE>Florida </STATE> <ZIPCODE> 37702</ZIPCODE> </cliente>
 <cliente><CUSTOMER_ID> 2092</CUSTOMER_ID> <FULL_NAME>Sherwood, Irma</FULL_NAME> <BIRTH_DATE>10&#47;23&#47;1969</BIRTH_DATE> <CITY>Orlando </CITY> <STATE>Florida </STATE> <ZIPCODE> 33550</ZIPCODE> </cliente>
 <cliente><CUSTOMER_ID> 2093</CUSTOMER_ID> <FULL_NAME>Becker, Benjamin</FULL_NAME> <BIRTH_DATE>05&#47;19&#47;1949</BIRTH_DATE> <CITY>Peoria   </CITY> <STATE>Illinois</STATE> <ZIPCODE> 52349</ZIPCODE> </cliente>
 <cliente><CUSTOMER_ID> 2094</CUSTOMER_ID> <FULL_NAME>Tedford, Chad</FULL_NAME> <BIRTH_DATE>02&#47;05&#47;1954</BIRTH_DATE> <CITY>Peoria  </CITY> <STATE>Illinois</STATE> <ZIPCODE> 52354</ZIPCODE> </cliente>
 <cliente><CUSTOMER_ID> 2095</CUSTOMER_ID> <FULL_NAME>Roy, Luke</FULL_NAME> <BIRTH_DATE>03&#47;28&#47;1968</BIRTH_DATE> <CITY>Peoria  </CITY> <STATE>Illinois</STATE> <ZIPCODE> 52353</ZIPCODE> </cliente>
 <cliente><CUSTOMER_ID> 2096</CUSTOMER_ID> <FULL_NAME>Holloway, Jean</FULL_NAME> <BIRTH_DATE>07&#47;12&#47;1944</BIRTH_DATE> <CITY>Chicago </CITY> <STATE>Illinois</STATE> <ZIPCODE> 51243</ZIPCODE> </cliente>
 <cliente><CUSTOMER_ID> 2097</CUSTOMER_ID> <FULL_NAME>Trau, Olga</FULL_NAME> <BIRTH_DATE>03&#47;07&#47;1956</BIRTH_DATE> <CITY>Chicago </CITY> <STATE>Illinois</STATE> <ZIPCODE> 51240</ZIPCODE> </cliente>
 <cliente><CUSTOMER_ID> 2098</CUSTOMER_ID> <FULL_NAME>Carnes, Steve</FULL_NAME> <BIRTH_DATE>01&#47;07&#47;1949</BIRTH_DATE> <CITY>Chicago </CITY> <STATE>Illinois</STATE> <ZIPCODE> 51241</ZIPCODE> </cliente>
 <cliente><CUSTOMER_ID> 2099</CUSTOMER_ID> <FULL_NAME>Potts, Betty</FULL_NAME> <BIRTH_DATE>11&#47;11&#47;1958</BIRTH_DATE> <CITY>Peoria  </CITY> <STATE>Illinois</STATE> <ZIPCODE> 52354</ZIPCODE> </cliente>
 <cliente><CUSTOMER_ID> 2100</CUSTOMER_ID> <FULL_NAME>Kozlowski, Edward</FULL_NAME> <BIRTH_DATE>10&#47;11&#47;1951</BIRTH_DATE> <CITY>Chicago </CITY> <STATE>Illinois</STATE> <ZIPCODE> 51237</ZIPCODE> </cliente>
 <cliente><CUSTOMER_ID> 2101</CUSTOMER_ID> <FULL_NAME>Looney, Sharon</FULL_NAME> <BIRTH_DATE>02&#47;10&#47;1962</BIRTH_DATE> <CITY>Peoria  </CITY> <STATE>Illinois</STATE> <ZIPCODE> 52352</ZIPCODE> </cliente>
 <cliente><CUSTOMER_ID> 2102</CUSTOMER_ID> <FULL_NAME>Magenheimer, Patrick</FULL_NAME> <BIRTH_DATE>02&#47;25&#47;1967</BIRTH_DATE> <CITY>Chicago </CITY> <STATE>Illinois</STATE> <ZIPCODE> 51240</ZIPCODE> </cliente>
 <cliente><CUSTOMER_ID> 2103</CUSTOMER_ID> <FULL_NAME>Hofsetz, Sue</FULL_NAME> <BIRTH_DATE>10&#47;22&#47;1947</BIRTH_DATE> <CITY>Chicago </CITY> <STATE>Illinois</STATE> <ZIPCODE> 51242</ZIPCODE> </cliente>
 <cliente><CUSTOMER_ID> 2104</CUSTOMER_ID> <FULL_NAME>Gilliat, Janet</FULL_NAME> <BIRTH_DATE>06&#47;09&#47;1963</BIRTH_DATE> <CITY>Peoria  </CITY> <STATE>Illinois</STATE> <ZIPCODE> 52350</ZIPCODE> </cliente>
 <cliente><CUSTOMER_ID> 2105</CUSTOMER_ID> <FULL_NAME>Wojcik, Charlene</FULL_NAME> <BIRTH_DATE>03&#47;29&#47;1951</BIRTH_DATE> <CITY>Chicago </CITY> <STATE>Illinois</STATE> <ZIPCODE> 51237</ZIPCODE> </cliente>
 <cliente><CUSTOMER_ID> 2106</CUSTOMER_ID> <FULL_NAME>Wolf, Eunice</FULL_NAME> <BIRTH_DATE>03&#47;02&#47;1965</BIRTH_DATE> <CITY>Peoria  </CITY> <STATE>Illinois</STATE> <ZIPCODE> 52355</ZIPCODE> </cliente>
 <cliente><CUSTOMER_ID> 2107</CUSTOMER_ID> <FULL_NAME>Whitworth, Kelly</FULL_NAME> <BIRTH_DATE>09&#47;22&#47;1967</BIRTH_DATE> <CITY>Chicago </CITY> <STATE>Illinois</STATE> <ZIPCODE> 51240</ZIPCODE> </cliente>
 <cliente><CUSTOMER_ID> 2108</CUSTOMER_ID> <FULL_NAME>Thames, Judy</FULL_NAME> <BIRTH_DATE>05&#47;15&#47;1967</BIRTH_DATE> <CITY>Chicago </CITY> <STATE>Illinois</STATE> <ZIPCODE> 51241</ZIPCODE> </cliente>
 <cliente><CUSTOMER_ID> 2109</CUSTOMER_ID> <FULL_NAME>Rusek, Pearlie</FULL_NAME> <BIRTH_DATE>10&#47;17&#47;1954</BIRTH_DATE> <CITY>Chicago </CITY> <STATE>Illinois</STATE> <ZIPCODE> 51240</ZIPCODE> </cliente>
 <cliente><CUSTOMER_ID> 2110</CUSTOMER_ID> <FULL_NAME>Justice, Peggy</FULL_NAME> <BIRTH_DATE>09&#47;08&#47;1958</BIRTH_DATE> <CITY>Madison </CITY> <STATE>Wisconsin</STATE> <ZIPCODE> 60987</ZIPCODE> </cliente>
 <cliente><CUSTOMER_ID> 2111</CUSTOMER_ID> <FULL_NAME>Conner, William</FULL_NAME> <BIRTH_DATE>06&#47;10&#47;1956</BIRTH_DATE> <CITY>Appleton</CITY> <STATE>Wisconsin</STATE> <ZIPCODE> 61004</ZIPCODE> </cliente>
 <cliente><CUSTOMER_ID> 2112</CUSTOMER_ID> <FULL_NAME>Bauer, Ciro</FULL_NAME> <BIRTH_DATE>03&#47;25&#47;1952</BIRTH_DATE> <CITY>Madison </CITY> <STATE>Wisconsin</STATE> <ZIPCODE> 60982</ZIPCODE> </cliente>
 <cliente><CUSTOMER_ID> 2113</CUSTOMER_ID> <FULL_NAME>Collins, Takiko</FULL_NAME> <BIRTH_DATE>02&#47;25&#47;1973</BIRTH_DATE> <CITY>Madison </CITY> <STATE>Wisconsin</STATE> <ZIPCODE> 60985</ZIPCODE> </cliente>
 <cliente><CUSTOMER_ID> 2114</CUSTOMER_ID> <FULL_NAME>Smith, Leonard</FULL_NAME> <BIRTH_DATE>12&#47;21&#47;1957</BIRTH_DATE> <CITY>Appleton</CITY> <STATE>Wisconsin</STATE> <ZIPCODE> 61006</ZIPCODE> </cliente>
 <cliente><CUSTOMER_ID> 2115</CUSTOMER_ID> <FULL_NAME>Yasi, Lenore</FULL_NAME> <BIRTH_DATE>09&#47;24&#47;1942</BIRTH_DATE> <CITY>Appleton</CITY> <STATE>Wisconsin</STATE> <ZIPCODE> 61003</ZIPCODE> </cliente>
 <cliente><CUSTOMER_ID> 2116</CUSTOMER_ID> <FULL_NAME>Bowman, Lester</FULL_NAME> <BIRTH_DATE>08&#47;30&#47;1945</BIRTH_DATE> <CITY>Madison </CITY> <STATE>Wisconsin</STATE> <ZIPCODE> 60980</ZIPCODE> </cliente>
 <cliente><CUSTOMER_ID> 2117</CUSTOMER_ID> <FULL_NAME>Germanson, Barbara</FULL_NAME> <BIRTH_DATE>09&#47;20&#47;1968</BIRTH_DATE> <CITY>Madison </CITY> <STATE>Wisconsin</STATE> <ZIPCODE> 60983</ZIPCODE> </cliente>
 <cliente><CUSTOMER_ID> 2118</CUSTOMER_ID> <FULL_NAME>Smith, Mary</FULL_NAME> <BIRTH_DATE>12&#47;23&#47;1963</BIRTH_DATE> <CITY>Appleton</CITY> <STATE>Wisconsin</STATE> <ZIPCODE> 61002</ZIPCODE> </cliente>
 <cliente><CUSTOMER_ID> 2119</CUSTOMER_ID> <FULL_NAME>Serventi, Alice</FULL_NAME> <BIRTH_DATE>01&#47;31&#47;1963</BIRTH_DATE> <CITY>Milwaukee</CITY> <STATE>Wisconsin</STATE> <ZIPCODE> 57898</ZIPCODE> </cliente>
 <cliente><CUSTOMER_ID> 2120</CUSTOMER_ID> <FULL_NAME>Chapla, Lee</FULL_NAME> <BIRTH_DATE>01&#47;12&#47;1959</BIRTH_DATE> <CITY>Madison </CITY> <STATE>Wisconsin</STATE> <ZIPCODE> 60980</ZIPCODE> </cliente>
 <cliente><CUSTOMER_ID> 2121</CUSTOMER_ID> <FULL_NAME>Cameron, DeeDee</FULL_NAME> <BIRTH_DATE>09&#47;27&#47;1967</BIRTH_DATE> <CITY>Madison </CITY> <STATE>Wisconsin</STATE> <ZIPCODE> 60984</ZIPCODE> </cliente>
 <cliente><CUSTOMER_ID> 2122</CUSTOMER_ID> <FULL_NAME>Zgeirmann, Jo</FULL_NAME> <BIRTH_DATE>01&#47;18&#47;1950</BIRTH_DATE> <CITY>Appleton</CITY> <STATE>Wisconsin</STATE> <ZIPCODE> 61009</ZIPCODE> </cliente>
 <cliente><CUSTOMER_ID> 2123</CUSTOMER_ID> <FULL_NAME>Mondragon, William</FULL_NAME> <BIRTH_DATE>11&#47;28&#47;1956</BIRTH_DATE> <CITY>Milwaukee</CITY> <STATE>Wisconsin</STATE> <ZIPCODE> 57903</ZIPCODE> </cliente>
 <cliente><CUSTOMER_ID> 2124</CUSTOMER_ID> <FULL_NAME>Allison, Cecil</FULL_NAME> <BIRTH_DATE>10&#47;14&#47;1955</BIRTH_DATE> <CITY>Madison </CITY> <STATE>Wisconsin</STATE> <ZIPCODE> 60989</ZIPCODE> </cliente>
 <cliente><CUSTOMER_ID> 2125</CUSTOMER_ID> <FULL_NAME>Vargas, Nieves</FULL_NAME> <BIRTH_DATE>09&#47;07&#47;1952</BIRTH_DATE> <CITY>Cleveland</CITY> <STATE>Ohio    </STATE> <ZIPCODE> 62210</ZIPCODE> </cliente>
 <cliente><CUSTOMER_ID> 2126</CUSTOMER_ID> <FULL_NAME>Vlass, Helen</FULL_NAME> <BIRTH_DATE>09&#47;27&#47;1953</BIRTH_DATE> <CITY>Toledo  </CITY> <STATE>Ohio    </STATE> <ZIPCODE> 62105</ZIPCODE> </cliente>
 <cliente><CUSTOMER_ID> 2127</CUSTOMER_ID> <FULL_NAME>Gonzalez, Abigail</FULL_NAME> <BIRTH_DATE>09&#47;09&#47;1955</BIRTH_DATE> <CITY>Akron   </CITY> <STATE>Ohio    </STATE> <ZIPCODE> 61995</ZIPCODE> </cliente>
 <cliente><CUSTOMER_ID> 2128</CUSTOMER_ID> <FULL_NAME>Ison, Denean</FULL_NAME> <BIRTH_DATE>10&#47;22&#47;1965</BIRTH_DATE> <CITY>Cleveland</CITY> <STATE>Ohio    </STATE> <ZIPCODE> 62215</ZIPCODE> </cliente>
 <cliente><CUSTOMER_ID> 2129</CUSTOMER_ID> <FULL_NAME>Trent, Billy</FULL_NAME> <BIRTH_DATE>03&#47;22&#47;1959</BIRTH_DATE> <CITY>Columbus</CITY> <STATE>Ohio    </STATE> <ZIPCODE> 61203</ZIPCODE> </cliente>
 <cliente><CUSTOMER_ID> 2130</CUSTOMER_ID> <FULL_NAME>Vaca, Mary</FULL_NAME> <BIRTH_DATE>02&#47;12&#47;1967</BIRTH_DATE> <CITY>Cleveland</CITY> <STATE>Ohio    </STATE> <ZIPCODE> 62216</ZIPCODE> </cliente>
 <cliente><CUSTOMER_ID> 2131</CUSTOMER_ID> <FULL_NAME>Arbelaez, Kyley</FULL_NAME> <BIRTH_DATE>08&#47;11&#47;1952</BIRTH_DATE> <CITY>Toledo   </CITY> <STATE>Ohio    </STATE> <ZIPCODE> 62108</ZIPCODE> </cliente>
 <cliente><CUSTOMER_ID> 2132</CUSTOMER_ID> <FULL_NAME>Lee, Michael</FULL_NAME> <BIRTH_DATE>11j&#47;03&#47;1968</BIRTH_DATE> <CITY>Cleveland</CITY> <STATE>Ohio    </STATE> <ZIPCODE> 62210</ZIPCODE> </cliente>
 <cliente><CUSTOMER_ID> 2133</CUSTOMER_ID> <FULL_NAME>Maes, Walter</FULL_NAME> <BIRTH_DATE>03&#47;31&#47;1970</BIRTH_DATE> <CITY>Toledo   </CITY> <STATE>Ohio    </STATE> <ZIPCODE> 62107</ZIPCODE> </cliente>
 <cliente><CUSTOMER_ID> 2134</CUSTOMER_ID> <FULL_NAME>Antrim, Ramona</FULL_NAME> <BIRTH_DATE>05&#47;09&#47;1961</BIRTH_DATE> <CITY>Cleveland</CITY> <STATE>Ohio    </STATE> <ZIPCODE> 62218</ZIPCODE> </cliente>
 <cliente><CUSTOMER_ID> 2135</CUSTOMER_ID> <FULL_NAME>Friedland, Liam</FULL_NAME> <BIRTH_DATE>04&#47;17&#47;1967</BIRTH_DATE> <CITY>Toledo  </CITY> <STATE>Ohio    </STATE> <ZIPCODE> 62109</ZIPCODE> </cliente>
 <cliente><CUSTOMER_ID> 2136</CUSTOMER_ID> <FULL_NAME>Strange, Charles</FULL_NAME> <BIRTH_DATE>04&#47;13&#47;1948</BIRTH_DATE> <CITY>Toledo  </CITY> <STATE>Ohio    </STATE> <ZIPCODE> 62103</ZIPCODE> </cliente>
 <cliente><CUSTOMER_ID> 2137</CUSTOMER_ID> <FULL_NAME>Richter, William</FULL_NAME> <BIRTH_DATE>12&#47;31&#47;1977</BIRTH_DATE> <CITY>Columbus</CITY> <STATE>Ohio    </STATE> <ZIPCODE> 61206</ZIPCODE> </cliente>
 <cliente><CUSTOMER_ID> 2138</CUSTOMER_ID> <FULL_NAME>Amland, Maxwell</FULL_NAME> <BIRTH_DATE>02&#47;28&#47;1955</BIRTH_DATE> <CITY>Akron    </CITY> <STATE>Ohio    </STATE> <ZIPCODE> 61988</ZIPCODE> </cliente>
 <cliente><CUSTOMER_ID> 2139</CUSTOMER_ID> <FULL_NAME>Albury, Z . T. Milton</FULL_NAME> <BIRTH_DATE>09&#47;26&#47;1955</BIRTH_DATE> <CITY>Cleveland</CITY> <STATE>Ohio    </STATE> <ZIPCODE> 62214</ZIPCODE> </cliente>
 <cliente><CUSTOMER_ID> 2140</CUSTOMER_ID> <FULL_NAME>Richmeier, Marie</FULL_NAME> <BIRTH_DATE>08&#47;29&#47;1952</BIRTH_DATE> <CITY>St. Loius</CITY> <STATE>Missouri</STATE> <ZIPCODE> 64096</ZIPCODE> </cliente>
 <cliente><CUSTOMER_ID> 2141</CUSTOMER_ID> <FULL_NAME>Jacobson, Jodan</FULL_NAME> <BIRTH_DATE>04&#47;18&#47;1956</BIRTH_DATE> <CITY>Kansas City</CITY> <STATE>Missouri</STATE> <ZIPCODE> 64512</ZIPCODE> </cliente>
 <cliente><CUSTOMER_ID> 2142</CUSTOMER_ID> <FULL_NAME>Bartness, David</FULL_NAME> <BIRTH_DATE>08&#47;22&#47;1950</BIRTH_DATE> <CITY>Kansas City</CITY> <STATE>Missouri</STATE> <ZIPCODE> 64506</ZIPCODE> </cliente>
 <cliente><CUSTOMER_ID> 2143</CUSTOMER_ID> <FULL_NAME>Cobb, Teanna</FULL_NAME> <BIRTH_DATE>10&#47;13&#47;1964</BIRTH_DATE> <CITY>Kansas City</CITY> <STATE>Missouri</STATE> <ZIPCODE> 64509</ZIPCODE> </cliente>
 <cliente><CUSTOMER_ID> 2144</CUSTOMER_ID> <FULL_NAME>Lique, M. E. Joseph</FULL_NAME> <BIRTH_DATE>05&#47;04&#47;1951</BIRTH_DATE> <CITY>Kansas City</CITY> <STATE>Missouri</STATE> <ZIPCODE> 64507</ZIPCODE> </cliente>
 <cliente><CUSTOMER_ID> 2145</CUSTOMER_ID> <FULL_NAME>Bernacchi, Robert</FULL_NAME> <BIRTH_DATE>09&#47;28&#47;1961</BIRTH_DATE> <CITY>St. Loius</CITY> <STATE>Missouri</STATE> <ZIPCODE> 64096</ZIPCODE> </cliente>
 <cliente><CUSTOMER_ID> 2146</CUSTOMER_ID> <FULL_NAME>Zubaty, Patricia</FULL_NAME> <BIRTH_DATE>04&#47;12&#47;1958</BIRTH_DATE> <CITY>St. Loius</CITY> <STATE>Missouri</STATE> <ZIPCODE> 64096</ZIPCODE> </cliente>
 <cliente><CUSTOMER_ID> 2147</CUSTOMER_ID> <FULL_NAME>Hunter, Matthew</FULL_NAME> <BIRTH_DATE>10&#47;03&#47;1949</BIRTH_DATE> <CITY>St. Loius</CITY> <STATE>Missouri</STATE> <ZIPCODE> 64095</ZIPCODE> </cliente>
 <cliente><CUSTOMER_ID> 2148</CUSTOMER_ID> <FULL_NAME>Vonholt, Florence</FULL_NAME> <BIRTH_DATE>12&#47;25&#47;1957</BIRTH_DATE> <CITY>Kansas City</CITY> <STATE>Missouri</STATE> <ZIPCODE> 64512</ZIPCODE> </cliente>
 <cliente><CUSTOMER_ID> 2149</CUSTOMER_ID> <FULL_NAME>Holmes, Eddie</FULL_NAME> <BIRTH_DATE>11&#47;25&#47;1963</BIRTH_DATE> <CITY>Kansas City</CITY> <STATE>Missouri</STATE> <ZIPCODE> 64511</ZIPCODE> </cliente>
 <cliente><CUSTOMER_ID> 2150</CUSTOMER_ID> <FULL_NAME>Drury, Gerald</FULL_NAME> <BIRTH_DATE>03&#47;21&#47;1945</BIRTH_DATE> <CITY>St. Loius</CITY> <STATE>Missouri</STATE> <ZIPCODE> 64094</ZIPCODE> </cliente>
 <cliente><CUSTOMER_ID> 2151</CUSTOMER_ID> <FULL_NAME>Watts, Kristin</FULL_NAME> <BIRTH_DATE>07&#47;21&#47;1964</BIRTH_DATE> <CITY>Kansas City</CITY> <STATE>Missouri</STATE> <ZIPCODE> 64510</ZIPCODE> </cliente>
 <cliente><CUSTOMER_ID> 2152</CUSTOMER_ID> <FULL_NAME>Short, Carlos</FULL_NAME> <BIRTH_DATE>02&#47;09&#47;1950</BIRTH_DATE> <CITY>Kansas City</CITY> <STATE>Missouri</STATE> <ZIPCODE> 64514</ZIPCODE> </cliente>
 <cliente><CUSTOMER_ID> 2153</CUSTOMER_ID> <FULL_NAME>Mc Guigan, Robin</FULL_NAME> <BIRTH_DATE>12&#47;24&#47;1954</BIRTH_DATE> <CITY>Des Moines</CITY> <STATE>Iowa    </STATE> <ZIPCODE> 65790</ZIPCODE> </cliente>
 <cliente><CUSTOMER_ID> 2154</CUSTOMER_ID> <FULL_NAME>Wollesen, Dorothy</FULL_NAME> <BIRTH_DATE>02&#47;22&#47;1966</BIRTH_DATE> <CITY>Des Moines</CITY> <STATE>Iowa    </STATE> <ZIPCODE> 65790</ZIPCODE> </cliente>
 <cliente><CUSTOMER_ID> 2155</CUSTOMER_ID> <FULL_NAME>Lee, Marjorie</FULL_NAME> <BIRTH_DATE>02&#47;27&#47;1957</BIRTH_DATE> <CITY>Des Moines</CITY> <STATE>Iowa    </STATE> <ZIPCODE> 65790</ZIPCODE> </cliente>
 <cliente><CUSTOMER_ID> 2156</CUSTOMER_ID> <FULL_NAME>Gimmi, Mary</FULL_NAME> <BIRTH_DATE>02&#47;01&#47;1952</BIRTH_DATE> <CITY>Dubuque </CITY> <STATE>Iowa    </STATE> <ZIPCODE> 66804</ZIPCODE> </cliente>
 <cliente><CUSTOMER_ID> 2157</CUSTOMER_ID> <FULL_NAME>Pugh, Milton</FULL_NAME> <BIRTH_DATE>06&#47;22&#47;1935</BIRTH_DATE> <CITY>Des Moines</CITY> <STATE>Iowa    </STATE> <ZIPCODE> 65790</ZIPCODE> </cliente>
 <cliente><CUSTOMER_ID> 2158</CUSTOMER_ID> <FULL_NAME>Bennetts, John</FULL_NAME> <BIRTH_DATE>10&#47;50&#47;1964</BIRTH_DATE> <CITY>Dubuque </CITY> <STATE>Iowa    </STATE> <ZIPCODE> 66804</ZIPCODE> </cliente>
 <cliente><CUSTOMER_ID> 2159</CUSTOMER_ID> <FULL_NAME>Woodard, Caroline</FULL_NAME> <BIRTH_DATE>05&#47;02&#47;1954</BIRTH_DATE> <CITY>Des Moines</CITY> <STATE>Iowa    </STATE> <ZIPCODE> 65790</ZIPCODE> </cliente>
 <cliente><CUSTOMER_ID> 2160</CUSTOMER_ID> <FULL_NAME>Manzanares, Tomas</FULL_NAME> <BIRTH_DATE>04&#47;17&#47;1966</BIRTH_DATE> <CITY>Dubuque </CITY> <STATE>Iowa    </STATE> <ZIPCODE> 66804</ZIPCODE> </cliente>
 <cliente><CUSTOMER_ID> 2161</CUSTOMER_ID> <FULL_NAME>Stotler, Kayla</FULL_NAME> <BIRTH_DATE>10&#47;29&#47;1960</BIRTH_DATE> <CITY>Dubuque </CITY> <STATE>Iowa    </STATE> <ZIPCODE> 66804</ZIPCODE> </cliente>
 <cliente><CUSTOMER_ID> 2162</CUSTOMER_ID> <FULL_NAME>Peoples, Elizabeth</FULL_NAME> <BIRTH_DATE>11&#47;30&#47;1969</BIRTH_DATE> <CITY>Dubuque </CITY> <STATE>Iowa    </STATE> <ZIPCODE> 66804</ZIPCODE> </cliente>
 <cliente><CUSTOMER_ID> 2163</CUSTOMER_ID> <FULL_NAME>Choi, Mike</FULL_NAME> <BIRTH_DATE>07&#47;19&#47;1966</BIRTH_DATE> <CITY>Dubuque </CITY> <STATE>Iowa    </STATE> <ZIPCODE> 66804</ZIPCODE> </cliente>
 <cliente><CUSTOMER_ID> 2164</CUSTOMER_ID> <FULL_NAME>Quintana, Mary Lou</FULL_NAME> <BIRTH_DATE>09&#47;18&#47;1955</BIRTH_DATE> <CITY>Des Moines</CITY> <STATE>Iowa    </STATE> <ZIPCODE> 65790</ZIPCODE> </cliente>
 <cliente><CUSTOMER_ID> 2165</CUSTOMER_ID> <FULL_NAME>Bright, Christopher</FULL_NAME> <BIRTH_DATE>05&#47;31&#47;1960</BIRTH_DATE> <CITY>Des Moines</CITY> <STATE>Iowa    </STATE> <ZIPCODE> 65790</ZIPCODE> </cliente>
 <cliente><CUSTOMER_ID> 2166</CUSTOMER_ID> <FULL_NAME>Rodgers, Scott</FULL_NAME> <BIRTH_DATE>06&#47;15&#47;1949</BIRTH_DATE> <CITY>Des Moines</CITY> <STATE>Iowa    </STATE> <ZIPCODE> 65790</ZIPCODE> </cliente>
 <cliente><CUSTOMER_ID> 2167</CUSTOMER_ID> <FULL_NAME>Gates, Janet</FULL_NAME> <BIRTH_DATE>03&#47;08&#47;1959</BIRTH_DATE> <CITY>Dubuque </CITY> <STATE>Iowa    </STATE> <ZIPCODE> 66804</ZIPCODE> </cliente>
 <cliente><CUSTOMER_ID> 2168</CUSTOMER_ID> <FULL_NAME>Watkins, Darren</FULL_NAME> <BIRTH_DATE>04&#47;26&#47;1958</BIRTH_DATE> <CITY>Des Moines</CITY> <STATE>Iowa    </STATE> <ZIPCODE> 65790</ZIPCODE> </cliente>
 <cliente><CUSTOMER_ID> 2169</CUSTOMER_ID> <FULL_NAME>Christensen, Charles</FULL_NAME> <BIRTH_DATE>07&#47;16&#47;1950</BIRTH_DATE> <CITY>Dubuque </CITY> <STATE>Iowa    </STATE> <ZIPCODE> 66804</ZIPCODE> </cliente>
 <cliente><CUSTOMER_ID> 2170</CUSTOMER_ID> <FULL_NAME>Banks, Darrell</FULL_NAME> <BIRTH_DATE>08&#47;27&#47;1952</BIRTH_DATE> <CITY>Des Moines</CITY> <STATE>Iowa    </STATE> <ZIPCODE> 65790</ZIPCODE> </cliente>
 <cliente><CUSTOMER_ID> 2171</CUSTOMER_ID> <FULL_NAME>Carlisle, Carlton</FULL_NAME> <BIRTH_DATE>07&#47;21&#47;1965</BIRTH_DATE> <CITY>Des Moines</CITY> <STATE>Iowa    </STATE> <ZIPCODE> 65790</ZIPCODE> </cliente>
 <cliente><CUSTOMER_ID> 2172</CUSTOMER_ID> <FULL_NAME>Tramel, Abe</FULL_NAME> <BIRTH_DATE>12&#47;29&#47;1972</BIRTH_DATE> <CITY>Dubuque </CITY> <STATE>Iowa    </STATE> <ZIPCODE> 66804</ZIPCODE> </cliente>
 <cliente><CUSTOMER_ID> 2173</CUSTOMER_ID> <FULL_NAME>Curry, Jose</FULL_NAME> <BIRTH_DATE>08&#47;15&#47;1958</BIRTH_DATE> <CITY>Des Moines</CITY> <STATE>Iowa    </STATE> <ZIPCODE> 65790</ZIPCODE> </cliente>
 <cliente><CUSTOMER_ID> 2174</CUSTOMER_ID> <FULL_NAME>Haines, Betty</FULL_NAME> <BIRTH_DATE>05&#47;06&#47;1977</BIRTH_DATE> <CITY>Tulsa   </CITY> <STATE>Oklahoma</STATE> <ZIPCODE> 70009</ZIPCODE> </cliente>
 <cliente><CUSTOMER_ID> 2175</CUSTOMER_ID> <FULL_NAME>Campbell, Deborah</FULL_NAME> <BIRTH_DATE>06&#47;02&#47;1967</BIRTH_DATE> <CITY>Tulsa   </CITY> <STATE>Oklahoma</STATE> <ZIPCODE> 70009</ZIPCODE> </cliente>
 <cliente><CUSTOMER_ID> 2176</CUSTOMER_ID> <FULL_NAME>Whitney, Catherine</FULL_NAME> <BIRTH_DATE>02&#47;01&#47;1957</BIRTH_DATE> <CITY>Tulsa   </CITY> <STATE>Oklahoma</STATE> <ZIPCODE> 70009</ZIPCODE> </cliente>
 <cliente><CUSTOMER_ID> 2177</CUSTOMER_ID> <FULL_NAME>Mitchell, Neva</FULL_NAME> <BIRTH_DATE>01&#47;17&#47;1951</BIRTH_DATE> <CITY>Oklahoma City</CITY> <STATE>Oklahoma</STATE> <ZIPCODE> 70204</ZIPCODE> </cliente>
 <cliente><CUSTOMER_ID> 2178</CUSTOMER_ID> <FULL_NAME>Dodd, Cindy</FULL_NAME> <BIRTH_DATE>05&#47;20&#47;1960</BIRTH_DATE> <CITY>Oklahoma City</CITY> <STATE>Oklahoma</STATE> <ZIPCODE> 70204</ZIPCODE> </cliente>
 <cliente><CUSTOMER_ID> 2179</CUSTOMER_ID> <FULL_NAME>Cereghino, Stacey</FULL_NAME> <BIRTH_DATE>02&#47;16&#47;1948</BIRTH_DATE> <CITY>Oklahoma City</CITY> <STATE>Oklahoma</STATE> <ZIPCODE> 70204</ZIPCODE> </cliente>
 <cliente><CUSTOMER_ID> 2180</CUSTOMER_ID> <FULL_NAME>Meyer, Helen</FULL_NAME> <BIRTH_DATE>08&#47;18&#47;1953</BIRTH_DATE> <CITY>Tulsa   </CITY> <STATE>Oklahoma</STATE> <ZIPCODE> 70009</ZIPCODE> </cliente>
 <cliente><CUSTOMER_ID> 2181</CUSTOMER_ID> <FULL_NAME>Stevens, Olga</FULL_NAME> <BIRTH_DATE>08&#47;19&#47;1974</BIRTH_DATE> <CITY>Tulsa   </CITY> <STATE>Oklahoma</STATE> <ZIPCODE> 70009</ZIPCODE> </cliente>
 <cliente><CUSTOMER_ID> 2182</CUSTOMER_ID> <FULL_NAME>Campbell, Joan</FULL_NAME> <BIRTH_DATE>08&#47;29&#47;1963</BIRTH_DATE> <CITY>Tulsa   </CITY> <STATE>Oklahoma</STATE> <ZIPCODE> 70009</ZIPCODE> </cliente>
 <cliente><CUSTOMER_ID> 2183</CUSTOMER_ID> <FULL_NAME>Walker, Silvia</FULL_NAME> <BIRTH_DATE>02&#47;17&#47;1944</BIRTH_DATE> <CITY>Oklahoma City</CITY> <STATE>Oklahoma</STATE> <ZIPCODE> 70204</ZIPCODE> </cliente>
 <cliente><CUSTOMER_ID> 2184</CUSTOMER_ID> <FULL_NAME>Pasumansky, Mosha</FULL_NAME> <BIRTH_DATE>05&#47;05&#47;1949</BIRTH_DATE> <CITY>Tulsa   </CITY> <STATE>Oklahoma</STATE> <ZIPCODE> 70009</ZIPCODE> </cliente>
 <cliente><CUSTOMER_ID> 2185</CUSTOMER_ID> <FULL_NAME>Whitney, Shawn</FULL_NAME> <BIRTH_DATE>09&#47;03&#47;1946</BIRTH_DATE> <CITY>Oklahoma City</CITY> <STATE>Oklahoma</STATE> <ZIPCODE> 70204</ZIPCODE> </cliente>
 <cliente><CUSTOMER_ID> 2186</CUSTOMER_ID> <FULL_NAME>Saunders, Lloyd</FULL_NAME> <BIRTH_DATE>02&#47;18&#47;1959</BIRTH_DATE> <CITY>Tulsa   </CITY> <STATE>Oklahoma</STATE> <ZIPCODE> 70009</ZIPCODE> </cliente>
 <cliente><CUSTOMER_ID> 2187</CUSTOMER_ID> <FULL_NAME>Vandenouer, Rose</FULL_NAME> <BIRTH_DATE>07&#47;26&#47;1958</BIRTH_DATE> <CITY>Tulsa   </CITY> <STATE>Oklahoma</STATE> <ZIPCODE> 70009</ZIPCODE> </cliente>
 <cliente><CUSTOMER_ID> 2188</CUSTOMER_ID> <FULL_NAME>Vincenzi, Eric</FULL_NAME> <BIRTH_DATE>04&#47;03&#47;1948</BIRTH_DATE> <CITY>Oklahoma City</CITY> <STATE>Oklahoma</STATE> <ZIPCODE> 70204</ZIPCODE> </cliente>
 <cliente><CUSTOMER_ID> 2189</CUSTOMER_ID> <FULL_NAME>Herring, Cheryl</FULL_NAME> <BIRTH_DATE>01&#47;09&#47;1951</BIRTH_DATE> <CITY>Oklahoma City</CITY> <STATE>Oklahoma</STATE> <ZIPCODE> 70204</ZIPCODE> </cliente>
 <cliente><CUSTOMER_ID> 2190</CUSTOMER_ID> <FULL_NAME>Garza, Kathleen</FULL_NAME> <BIRTH_DATE>07&#47;22&#47;1946</BIRTH_DATE> <CITY>Tulsa   </CITY> <STATE>Oklahoma</STATE> <ZIPCODE> 70009</ZIPCODE> </cliente>
 <cliente><CUSTOMER_ID> 2191</CUSTOMER_ID> <FULL_NAME>Westover, Gail</FULL_NAME> <BIRTH_DATE>02&#47;13&#47;1953</BIRTH_DATE> <CITY>Tulsa   </CITY> <STATE>Oklahoma</STATE> <ZIPCODE> 70009</ZIPCODE> </cliente>
 <cliente><CUSTOMER_ID> 2192</CUSTOMER_ID> <FULL_NAME>Hagemann, Matthew</FULL_NAME> <BIRTH_DATE>12&#47;12&#47;1973</BIRTH_DATE> <CITY>Shreveport</CITY> <STATE>Louisiana</STATE> <ZIPCODE> 70543</ZIPCODE> </cliente>
 <cliente><CUSTOMER_ID> 2193</CUSTOMER_ID> <FULL_NAME>Vasquez, Patricia</FULL_NAME> <BIRTH_DATE>04&#47;14&#47;1949</BIRTH_DATE> <CITY>Shreveport</CITY> <STATE>Louisiana</STATE> <ZIPCODE> 70543</ZIPCODE> </cliente>
 <cliente><CUSTOMER_ID> 2194</CUSTOMER_ID> <FULL_NAME>McCarthy, Lola</FULL_NAME> <BIRTH_DATE>01&#47;11&#47;1966</BIRTH_DATE> <CITY>Shreveport</CITY> <STATE>Louisiana</STATE> <ZIPCODE> 70543</ZIPCODE> </cliente>
 <cliente><CUSTOMER_ID> 2195</CUSTOMER_ID> <FULL_NAME>Bacalzo, Phillip</FULL_NAME> <BIRTH_DATE>01&#47;07&#47;1978</BIRTH_DATE> <CITY>New Orleans</CITY> <STATE>Louisiana</STATE> <ZIPCODE> 70450</ZIPCODE> </cliente>
 <cliente><CUSTOMER_ID> 2196</CUSTOMER_ID> <FULL_NAME>Berch, Marian</FULL_NAME> <BIRTH_DATE>11&#47;23&#47;1969</BIRTH_DATE> <CITY>New Orleans</CITY> <STATE>Louisiana</STATE> <ZIPCODE> 70450</ZIPCODE> </cliente>
 <cliente><CUSTOMER_ID> 2197</CUSTOMER_ID> <FULL_NAME>Taylor, Mike</FULL_NAME> <BIRTH_DATE>03&#47;17&#47;1972</BIRTH_DATE> <CITY>Shreveport</CITY> <STATE>Louisiana</STATE> <ZIPCODE> 70543</ZIPCODE> </cliente>
 <cliente><CUSTOMER_ID> 2198</CUSTOMER_ID> <FULL_NAME>Whipple, Vivian</FULL_NAME> <BIRTH_DATE>12&#47;28&#47;1964</BIRTH_DATE> <CITY>New Orleans</CITY> <STATE>Louisiana</STATE> <ZIPCODE> 70450</ZIPCODE> </cliente>
 <cliente><CUSTOMER_ID> 2199</CUSTOMER_ID> <FULL_NAME>Laursen, Cecilia</FULL_NAME> <BIRTH_DATE>07&#47;19&#47;1953</BIRTH_DATE> <CITY>New Orleans</CITY> <STATE>Louisiana</STATE> <ZIPCODE> 70450</ZIPCODE> </cliente>
 <cliente><CUSTOMER_ID> 2200</CUSTOMER_ID> <FULL_NAME>Olguin, Lee</FULL_NAME> <BIRTH_DATE>12&#47;17&#47;1960</BIRTH_DATE> <CITY>New Orleans</CITY> <STATE>Louisiana</STATE> <ZIPCODE> 70450</ZIPCODE> </cliente>
 <cliente><CUSTOMER_ID> 2201</CUSTOMER_ID> <FULL_NAME>Ayers, Stephen</FULL_NAME> <BIRTH_DATE>06&#47;19&#47;1958</BIRTH_DATE> <CITY>New Orleans</CITY> <STATE>Louisiana</STATE> <ZIPCODE> 70450</ZIPCODE> </cliente>
 <cliente><CUSTOMER_ID> 2202</CUSTOMER_ID> <FULL_NAME>Kotc, Pamala</FULL_NAME> <BIRTH_DATE>03&#47;19&#47;1950</BIRTH_DATE> <CITY>New Orleans</CITY> <STATE>Louisiana</STATE> <ZIPCODE> 70450</ZIPCODE> </cliente>
 <cliente><CUSTOMER_ID> 2203</CUSTOMER_ID> <FULL_NAME>Coriell, Marlin</FULL_NAME> <BIRTH_DATE>03&#47;16&#47;1950</BIRTH_DATE> <CITY>Shreveport</CITY> <STATE>Louisiana</STATE> <ZIPCODE> 70543</ZIPCODE> </cliente>
 <cliente><CUSTOMER_ID> 2204</CUSTOMER_ID> <FULL_NAME>Warthen, Clay</FULL_NAME> <BIRTH_DATE>04&#47;04&#47;1958</BIRTH_DATE> <CITY>New Orleans</CITY> <STATE>Louisiana</STATE> <ZIPCODE> 70450</ZIPCODE> </cliente>
 <cliente><CUSTOMER_ID> 2205</CUSTOMER_ID> <FULL_NAME>Johnson, Greg</FULL_NAME> <BIRTH_DATE>09&#47;19&#47;1966</BIRTH_DATE> <CITY>Shreveport</CITY> <STATE>Louisiana</STATE> <ZIPCODE> 70543</ZIPCODE> </cliente>
 <cliente><CUSTOMER_ID> 2206</CUSTOMER_ID> <FULL_NAME>Huckaby, George</FULL_NAME> <BIRTH_DATE>07&#47;18&#47;1963</BIRTH_DATE> <CITY>Sweetwater</CITY> <STATE>Texas   </STATE> <ZIPCODE> 82227</ZIPCODE> </cliente>
 <cliente><CUSTOMER_ID> 2207</CUSTOMER_ID> <FULL_NAME>Gustafson, Faith</FULL_NAME> <BIRTH_DATE>11&#47;24&#47;1964</BIRTH_DATE> <CITY>Dallas   </CITY> <STATE>Texas   </STATE> <ZIPCODE> 81023</ZIPCODE> </cliente>
 <cliente><CUSTOMER_ID> 2208</CUSTOMER_ID> <FULL_NAME>Thompson, Donald</FULL_NAME> <BIRTH_DATE>05&#47;08&#47;1970</BIRTH_DATE> <CITY>Amarillo</CITY> <STATE>Texas   </STATE> <ZIPCODE> 84453</ZIPCODE> </cliente>
 <cliente><CUSTOMER_ID> 2209</CUSTOMER_ID> <FULL_NAME>Hendricks, Valentina</FULL_NAME> <BIRTH_DATE>04&#47;23&#47;1970</BIRTH_DATE> <CITY>Amarillo</CITY> <STATE>Texas   </STATE> <ZIPCODE> 84453</ZIPCODE> </cliente>
 <cliente><CUSTOMER_ID> 2210</CUSTOMER_ID> <FULL_NAME>Black, Mae</FULL_NAME> <BIRTH_DATE>08&#47;19&#47;1973</BIRTH_DATE> <CITY>Sweetwater</CITY> <STATE>Texas   </STATE> <ZIPCODE> 82227</ZIPCODE> </cliente>
 <cliente><CUSTOMER_ID> 2211</CUSTOMER_ID> <FULL_NAME>Vansant, Carlos</FULL_NAME> <BIRTH_DATE>11&#47;17&#47;1958</BIRTH_DATE> <CITY>Amarillo</CITY> <STATE>Texas   </STATE> <ZIPCODE> 84453</ZIPCODE> </cliente>
 <cliente><CUSTOMER_ID> 2212</CUSTOMER_ID> <FULL_NAME>Bentley, Richard</FULL_NAME> <BIRTH_DATE>07&#47;26&#47;1952</BIRTH_DATE> <CITY>San Antonio</CITY> <STATE>Texas   </STATE> <ZIPCODE> 83425</ZIPCODE> </cliente>
 <cliente><CUSTOMER_ID> 2213</CUSTOMER_ID> <FULL_NAME>Ritacco, Thomas</FULL_NAME> <BIRTH_DATE>04&#47;30&#47;1972</BIRTH_DATE> <CITY>Houston </CITY> <STATE>Texas   </STATE> <ZIPCODE> 81342</ZIPCODE> </cliente>
 <cliente><CUSTOMER_ID> 2214</CUSTOMER_ID> <FULL_NAME>Theisen, Karen</FULL_NAME> <BIRTH_DATE>02&#47;03&#47;1945</BIRTH_DATE> <CITY>Dallas   </CITY> <STATE>Texas   </STATE> <ZIPCODE> 81023</ZIPCODE> </cliente>
 <cliente><CUSTOMER_ID> 2215</CUSTOMER_ID> <FULL_NAME>Berger, John</FULL_NAME> <BIRTH_DATE>10&#47;04&#47;1970</BIRTH_DATE> <CITY>Dallas   </CITY> <STATE>Texas   </STATE> <ZIPCODE> 81023</ZIPCODE> </cliente>
 <cliente><CUSTOMER_ID> 2216</CUSTOMER_ID> <FULL_NAME>Koski, Joy</FULL_NAME> <BIRTH_DATE>10&#47;23&#47;1966</BIRTH_DATE> <CITY>Houston </CITY> <STATE>Texas   </STATE> <ZIPCODE> 81342</ZIPCODE> </cliente>
 <cliente><CUSTOMER_ID> 2217</CUSTOMER_ID> <FULL_NAME>Fitzgerald, Duane</FULL_NAME> <BIRTH_DATE>06&#47;28&#47;1953</BIRTH_DATE> <CITY>Houston </CITY> <STATE>Texas   </STATE> <ZIPCODE> 81342</ZIPCODE> </cliente>
 <cliente><CUSTOMER_ID> 2218</CUSTOMER_ID> <FULL_NAME>Camacho, Lindsey</FULL_NAME> <BIRTH_DATE>07&#47;06&#47;1951</BIRTH_DATE> <CITY>Albuquerque</CITY> <STATE>New Mexico</STATE> <ZIPCODE> 87102</ZIPCODE> </cliente>
 <cliente><CUSTOMER_ID> 2219</CUSTOMER_ID> <FULL_NAME>Alvarado, Selena</FULL_NAME> <BIRTH_DATE>05&#47;01&#47;1965</BIRTH_DATE> <CITY>Albuquerque</CITY> <STATE>New Mexico</STATE> <ZIPCODE> 87102</ZIPCODE> </cliente>
 <cliente><CUSTOMER_ID> 2220</CUSTOMER_ID> <FULL_NAME>Brummer, Dick</FULL_NAME> <BIRTH_DATE>02&#47;06&#47;1951</BIRTH_DATE> <CITY>Albuquerque</CITY> <STATE>New Mexico</STATE> <ZIPCODE> 87102</ZIPCODE> </cliente>
 <cliente><CUSTOMER_ID> 2221</CUSTOMER_ID> <FULL_NAME>Pinkston, Pat</FULL_NAME> <BIRTH_DATE>10&#47;18&#47;1956</BIRTH_DATE> <CITY>Albuquerque</CITY> <STATE>New Mexico</STATE> <ZIPCODE> 87102</ZIPCODE> </cliente>
 <cliente><CUSTOMER_ID> 2222</CUSTOMER_ID> <FULL_NAME>Spivey, Kristin</FULL_NAME> <BIRTH_DATE>12&#47;21&#47;1955</BIRTH_DATE> <CITY>Albuquerque</CITY> <STATE>New Mexico</STATE> <ZIPCODE> 87102</ZIPCODE> </cliente>
 <cliente><CUSTOMER_ID> 2223</CUSTOMER_ID> <FULL_NAME>Whiting, Gregory</FULL_NAME> <BIRTH_DATE>11&#47;06&#47;1967</BIRTH_DATE> <CITY>Albuquerque</CITY> <STATE>New Mexico</STATE> <ZIPCODE> 87102</ZIPCODE> </cliente>
 <cliente><CUSTOMER_ID> 2224</CUSTOMER_ID> <FULL_NAME>Espinoza, Martha</FULL_NAME> <BIRTH_DATE>11&#47;07&#47;1954</BIRTH_DATE> <CITY>Albuquerque</CITY> <STATE>New Mexico</STATE> <ZIPCODE> 87102</ZIPCODE> </cliente>
 <cliente><CUSTOMER_ID> 2225</CUSTOMER_ID> <FULL_NAME>Robinett, David</FULL_NAME> <BIRTH_DATE>12&#47;22&#47;1953</BIRTH_DATE> <CITY>Albuquerque</CITY> <STATE>New Mexico</STATE> <ZIPCODE> 87102</ZIPCODE> </cliente>
 <cliente><CUSTOMER_ID> 2226</CUSTOMER_ID> <FULL_NAME>Lundahl, Judy</FULL_NAME> <BIRTH_DATE>09&#47;18&#47;1959</BIRTH_DATE> <CITY>Albuquerque</CITY> <STATE>New Mexico</STATE> <ZIPCODE> 87102</ZIPCODE> </cliente>
 <cliente><CUSTOMER_ID> 2227</CUSTOMER_ID> <FULL_NAME>Demicell, Shawn</FULL_NAME> <BIRTH_DATE>01&#47;10&#47;1949</BIRTH_DATE> <CITY>Albuquerque</CITY> <STATE>New Mexico</STATE> <ZIPCODE> 87102</ZIPCODE> </cliente>
 <cliente><CUSTOMER_ID> 2228</CUSTOMER_ID> <FULL_NAME>Rousey, Linda</FULL_NAME> <BIRTH_DATE>08&#47;17&#47;1958</BIRTH_DATE> <CITY>Albuquerque</CITY> <STATE>New Mexico</STATE> <ZIPCODE> 87102</ZIPCODE> </cliente>
 <cliente><CUSTOMER_ID> 2229</CUSTOMER_ID> <FULL_NAME>Marcovecchio, Kathy</FULL_NAME> <BIRTH_DATE>02&#47;06&#47;1955</BIRTH_DATE> <CITY>Albuquerque</CITY> <STATE>New Mexico</STATE> <ZIPCODE> 87102</ZIPCODE> </cliente>
 <cliente><CUSTOMER_ID> 2230</CUSTOMER_ID> <FULL_NAME>Evans, Twanna</FULL_NAME> <BIRTH_DATE>09&#47;06&#47;1964</BIRTH_DATE> <CITY>Albuquerque</CITY> <STATE>New Mexico</STATE> <ZIPCODE> 87102</ZIPCODE> </cliente>
 <cliente><CUSTOMER_ID> 2231</CUSTOMER_ID> <FULL_NAME>Storjohann, Judy</FULL_NAME> <BIRTH_DATE>08&#47;27&#47;1956</BIRTH_DATE> <CITY>Albuquerque</CITY> <STATE>New Mexico</STATE> <ZIPCODE> 87102</ZIPCODE> </cliente>
 <cliente><CUSTOMER_ID> 2232</CUSTOMER_ID> <FULL_NAME>Maccietto, Denise</FULL_NAME> <BIRTH_DATE>10&#47;30&#47;1957</BIRTH_DATE> <CITY>Grand Junction</CITY> <STATE>Colorado</STATE> <ZIPCODE> 84451</ZIPCODE> </cliente>
 <cliente><CUSTOMER_ID> 2233</CUSTOMER_ID> <FULL_NAME>Buskirk, Deanna</FULL_NAME> <BIRTH_DATE>06&#47;08&#47;1955</BIRTH_DATE> <CITY>Grand Junction</CITY> <STATE>Colorado</STATE> <ZIPCODE> 84451</ZIPCODE> </cliente>
 <cliente><CUSTOMER_ID> 2234</CUSTOMER_ID> <FULL_NAME>Kesslep, Mary</FULL_NAME> <BIRTH_DATE>06&#47;14&#47;1955</BIRTH_DATE> <CITY>Grand Junction</CITY> <STATE>Colorado</STATE> <ZIPCODE> 84451</ZIPCODE> </cliente>
 <cliente><CUSTOMER_ID> 2235</CUSTOMER_ID> <FULL_NAME>Schultz, Barbara</FULL_NAME> <BIRTH_DATE>07&#47;17&#47;1950</BIRTH_DATE> <CITY>Aspen   </CITY> <STATE>Colorado</STATE> <ZIPCODE> 84352</ZIPCODE> </cliente>
 <cliente><CUSTOMER_ID> 2236</CUSTOMER_ID> <FULL_NAME>Bergin, Kris</FULL_NAME> <BIRTH_DATE>08&#47;30&#47;1964</BIRTH_DATE> <CITY>Grand Junction</CITY> <STATE>Colorado</STATE> <ZIPCODE> 84451</ZIPCODE> </cliente>
 <cliente><CUSTOMER_ID> 2237</CUSTOMER_ID> <FULL_NAME>Steel, Merrill</FULL_NAME> <BIRTH_DATE>06&#47;23&#47;1960</BIRTH_DATE> <CITY>Denver   </CITY> <STATE>Colorado</STATE> <ZIPCODE> 84654</ZIPCODE> </cliente>
 <cliente><CUSTOMER_ID> 2238</CUSTOMER_ID> <FULL_NAME>Marple, Melissa</FULL_NAME> <BIRTH_DATE>09&#47;30&#47;1972</BIRTH_DATE> <CITY>Aspen   </CITY> <STATE>Colorado</STATE> <ZIPCODE> 84352</ZIPCODE> </cliente>
 <cliente><CUSTOMER_ID> 2239</CUSTOMER_ID> <FULL_NAME>Evans, Ann</FULL_NAME> <BIRTH_DATE>10&#47;18&#47;1965</BIRTH_DATE> <CITY>Denver   </CITY> <STATE>Colorado</STATE> <ZIPCODE> 84654</ZIPCODE> </cliente>
 <cliente><CUSTOMER_ID> 2240</CUSTOMER_ID> <FULL_NAME>Bruner, Shirley</FULL_NAME> <BIRTH_DATE>05&#47;30&#47;1966</BIRTH_DATE> <CITY>Denver  </CITY> <STATE>Colorado</STATE> <ZIPCODE> 84654</ZIPCODE> </cliente>
 <cliente><CUSTOMER_ID> 2241</CUSTOMER_ID> <FULL_NAME>Troyer, Michael John</FULL_NAME> <BIRTH_DATE>04&#47;09&#47;1964</BIRTH_DATE> <CITY>Grand Junction</CITY> <STATE>Colorado</STATE> <ZIPCODE> 84451</ZIPCODE> </cliente>
 <cliente><CUSTOMER_ID> 2242</CUSTOMER_ID> <FULL_NAME>Sandidge, Mary</FULL_NAME> <BIRTH_DATE>10&#47;06&#47;1953</BIRTH_DATE> <CITY>Grand Junction</CITY> <STATE>Colorado</STATE> <ZIPCODE> 84451</ZIPCODE> </cliente>
 <cliente><CUSTOMER_ID> 2243</CUSTOMER_ID> <FULL_NAME>Skonnard, Monk</FULL_NAME> <BIRTH_DATE>12&#47;28&#47;1960</BIRTH_DATE> <CITY>Grand Junction</CITY> <STATE>Colorado</STATE> <ZIPCODE> 84451</ZIPCODE> </cliente>
 <cliente><CUSTOMER_ID> 2244</CUSTOMER_ID> <FULL_NAME>Beck, Christopher</FULL_NAME> <BIRTH_DATE>04&#47;26&#47;1960</BIRTH_DATE> <CITY>Salt Lake City</CITY> <STATE>Utah    </STATE> <ZIPCODE> 90001</ZIPCODE> </cliente>
 <cliente><CUSTOMER_ID> 2245</CUSTOMER_ID> <FULL_NAME>Abel, Catherine</FULL_NAME> <BIRTH_DATE>06&#47;02&#47;1942</BIRTH_DATE> <CITY>Provo   </CITY> <STATE>Utah    </STATE> <ZIPCODE> 90011</ZIPCODE> </cliente>
 <cliente><CUSTOMER_ID> 2246</CUSTOMER_ID> <FULL_NAME>Miller, Emilo</FULL_NAME> <BIRTH_DATE>03&#47;28&#47;1953</BIRTH_DATE> <CITY>Salt Lake City</CITY> <STATE>Utah    </STATE> <ZIPCODE> 90001</ZIPCODE> </cliente>
 <cliente><CUSTOMER_ID> 2247</CUSTOMER_ID> <FULL_NAME>Walker, Hazel</FULL_NAME> <BIRTH_DATE>01&#47;14&#47;1972</BIRTH_DATE> <CITY>Salt Lake City</CITY> <STATE>Utah    </STATE> <ZIPCODE> 90001</ZIPCODE> </cliente>
 <cliente><CUSTOMER_ID> 2248</CUSTOMER_ID> <FULL_NAME>Brooks, John</FULL_NAME> <BIRTH_DATE>04&#47;04&#47;1965</BIRTH_DATE> <CITY>Salt Lake City</CITY> <STATE>Utah    </STATE> <ZIPCODE> 90001</ZIPCODE> </cliente>
 <cliente><CUSTOMER_ID> 2249</CUSTOMER_ID> <FULL_NAME>Logan, Todd</FULL_NAME> <BIRTH_DATE>03&#47;01&#47;1957</BIRTH_DATE> <CITY>Provo   </CITY> <STATE>Utah    </STATE> <ZIPCODE> 90011</ZIPCODE> </cliente>
 <cliente><CUSTOMER_ID> 2250</CUSTOMER_ID> <FULL_NAME>Several, Joshua</FULL_NAME> <BIRTH_DATE>07&#47;07&#47;1952</BIRTH_DATE> <CITY>Salt Lake City</CITY> <STATE>Utah    </STATE> <ZIPCODE> 90001</ZIPCODE> </cliente>
 <cliente><CUSTOMER_ID> 2251</CUSTOMER_ID> <FULL_NAME>Thomas, James</FULL_NAME> <BIRTH_DATE>01&#47;22&#47;1960</BIRTH_DATE> <CITY>Salt Lake City</CITY> <STATE>Utah    </STATE> <ZIPCODE> 90001</ZIPCODE> </cliente>
 <cliente><CUSTOMER_ID> 2252</CUSTOMER_ID> <FULL_NAME>Vessa, Robert</FULL_NAME> <BIRTH_DATE>03&#47;26&#47;1953</BIRTH_DATE> <CITY>Provo   </CITY> <STATE>Utah    </STATE> <ZIPCODE> 90011</ZIPCODE> </cliente>
 <cliente><CUSTOMER_ID> 2253</CUSTOMER_ID> <FULL_NAME>Tran, James</FULL_NAME> <BIRTH_DATE>03&#47;15&#47;1957</BIRTH_DATE> <CITY>Provo   </CITY> <STATE>Utah    </STATE> <ZIPCODE> 90011</ZIPCODE> </cliente>
 <cliente><CUSTOMER_ID> 2254</CUSTOMER_ID> <FULL_NAME>Crow, Shelley</FULL_NAME> <BIRTH_DATE>01&#47;15&#47;1961</BIRTH_DATE> <CITY>Provo   </CITY> <STATE>Utah    </STATE> <ZIPCODE> 90011</ZIPCODE> </cliente>
 <cliente><CUSTOMER_ID> 2255</CUSTOMER_ID> <FULL_NAME>Sims, Anne</FULL_NAME> <BIRTH_DATE>01&#47;19&#47;1952</BIRTH_DATE> <CITY>Salt Lake City</CITY> <STATE>Utah    </STATE> <ZIPCODE> 90001</ZIPCODE> </cliente>
 <cliente><CUSTOMER_ID> 2256</CUSTOMER_ID> <FULL_NAME>Tatman, Clarence</FULL_NAME> <BIRTH_DATE>04&#47;12&#47;1944</BIRTH_DATE> <CITY>Salt Lake City</CITY> <STATE>Utah    </STATE> <ZIPCODE> 90001</ZIPCODE> </cliente>
 <cliente><CUSTOMER_ID> 2257</CUSTOMER_ID> <FULL_NAME>Nelsen, Jan</FULL_NAME> <BIRTH_DATE>03&#47;26&#47;1960</BIRTH_DATE> <CITY>Salt Lake City</CITY> <STATE>Utah    </STATE> <ZIPCODE> 90001</ZIPCODE> </cliente>
 <cliente><CUSTOMER_ID> 2258</CUSTOMER_ID> <FULL_NAME>Cole, Jeanette</FULL_NAME> <BIRTH_DATE>05&#47;10&#47;1956</BIRTH_DATE> <CITY>Provo   </CITY> <STATE>Utah    </STATE> <ZIPCODE> 90011</ZIPCODE> </cliente>
 <cliente><CUSTOMER_ID> 2259</CUSTOMER_ID> <FULL_NAME>Huntsman, Phyllis</FULL_NAME> <BIRTH_DATE>04&#47;30&#47;1956</BIRTH_DATE> <CITY>Salt Lake City</CITY> <STATE>Utah    </STATE> <ZIPCODE> 90001</ZIPCODE> </cliente>
 <cliente><CUSTOMER_ID> 2260</CUSTOMER_ID> <FULL_NAME>Arakawa, Hannah</FULL_NAME> <BIRTH_DATE>10&#47;24&#47;1965</BIRTH_DATE> <CITY>Salt Lake City</CITY> <STATE>Utah    </STATE> <ZIPCODE> 90001</ZIPCODE> </cliente>
 <cliente><CUSTOMER_ID> 2261</CUSTOMER_ID> <FULL_NAME>Steuber, Wathalee</FULL_NAME> <BIRTH_DATE>09&#47;23&#47;1948</BIRTH_DATE> <CITY>Salt Lake City</CITY> <STATE>Utah    </STATE> <ZIPCODE> 90001</ZIPCODE> </cliente>
 <cliente><CUSTOMER_ID> 2262</CUSTOMER_ID> <FULL_NAME>Cox, Pamela</FULL_NAME> <BIRTH_DATE>03&#47;06&#47;1955</BIRTH_DATE> <CITY>Carson City</CITY> <STATE>Nevada  </STATE> <ZIPCODE> 90112</ZIPCODE> </cliente>
 <cliente><CUSTOMER_ID> 2263</CUSTOMER_ID> <FULL_NAME>Jacobs, Bronson</FULL_NAME> <BIRTH_DATE>12&#47;26&#47;1963</BIRTH_DATE> <CITY>Reno    </CITY> <STATE>Nevada  </STATE> <ZIPCODE> 90023</ZIPCODE> </cliente>
 <cliente><CUSTOMER_ID> 2264</CUSTOMER_ID> <FULL_NAME>Barley, Rebecca</FULL_NAME> <BIRTH_DATE>03&#47;29&#47;1949</BIRTH_DATE> <CITY>Carson City</CITY> <STATE>Nevada  </STATE> <ZIPCODE> 90112</ZIPCODE> </cliente>
 <cliente><CUSTOMER_ID> 2265</CUSTOMER_ID> <FULL_NAME>Alvaro, Emilio</FULL_NAME> <BIRTH_DATE>11&#47;08&#47;1961</BIRTH_DATE> <CITY>Reno    </CITY> <STATE>Nevada  </STATE> <ZIPCODE> 90023</ZIPCODE> </cliente>
 <cliente><CUSTOMER_ID> 2266</CUSTOMER_ID> <FULL_NAME>Waters, Becky</FULL_NAME> <BIRTH_DATE>10&#47;12&#47;1956</BIRTH_DATE> <CITY>Reno    </CITY> <STATE>Nevada  </STATE> <ZIPCODE> 90023</ZIPCODE> </cliente>
 <cliente><CUSTOMER_ID> 2267</CUSTOMER_ID> <FULL_NAME>Jarvis, A. Joyce</FULL_NAME> <BIRTH_DATE>03&#47;03&#47;1956</BIRTH_DATE> <CITY>Carson City</CITY> <STATE>Nevada  </STATE> <ZIPCODE> 90112</ZIPCODE> </cliente>
 <cliente><CUSTOMER_ID> 2268</CUSTOMER_ID> <FULL_NAME>Styles, Ruby Sue</FULL_NAME> <BIRTH_DATE>04&#47;29&#47;1958</BIRTH_DATE> <CITY>Carson City</CITY> <STATE>Nevada  </STATE> <ZIPCODE> 90112</ZIPCODE> </cliente>
 <cliente><CUSTOMER_ID> 2269</CUSTOMER_ID> <FULL_NAME>Glenn, Jeanie</FULL_NAME> <BIRTH_DATE>10&#47;27&#47;1975</BIRTH_DATE> <CITY>Reno    </CITY> <STATE>Nevada  </STATE> <ZIPCODE> 90023</ZIPCODE> </cliente>
 <cliente><CUSTOMER_ID> 2270</CUSTOMER_ID> <FULL_NAME>Smith, Peggy</FULL_NAME> <BIRTH_DATE>03&#47;18&#47;1953</BIRTH_DATE> <CITY>Las Vegas</CITY> <STATE>Nevada  </STATE> <ZIPCODE> 90213</ZIPCODE> </cliente>
 <cliente><CUSTOMER_ID> 2271</CUSTOMER_ID> <FULL_NAME>Duff, Tish</FULL_NAME> <BIRTH_DATE>01&#47;01&#47;1963</BIRTH_DATE> <CITY>Las Vegas</CITY> <STATE>Nevada  </STATE> <ZIPCODE> 90213</ZIPCODE> </cliente>
 <cliente><CUSTOMER_ID> 2272</CUSTOMER_ID> <FULL_NAME>Lucero, Anita</FULL_NAME> <BIRTH_DATE>06&#47;22&#47;1957</BIRTH_DATE> <CITY>Reno    </CITY> <STATE>Nevada  </STATE> <ZIPCODE> 90023</ZIPCODE> </cliente>
 <cliente><CUSTOMER_ID> 2273</CUSTOMER_ID> <FULL_NAME>Burton, Stephen</FULL_NAME> <BIRTH_DATE>07&#47;22&#47;1947</BIRTH_DATE> <CITY>Las Vegas</CITY> <STATE>Nevada  </STATE> <ZIPCODE> 90213</ZIPCODE> </cliente>
 <cliente><CUSTOMER_ID> 2274</CUSTOMER_ID> <FULL_NAME>Consentino, Amy</FULL_NAME> <BIRTH_DATE>02&#47;28&#47;1959</BIRTH_DATE> <CITY>Carson City</CITY> <STATE>Nevada  </STATE> <ZIPCODE> 90112</ZIPCODE> </cliente>
 <cliente><CUSTOMER_ID> 2275</CUSTOMER_ID> <FULL_NAME>Lutes, Helen</FULL_NAME> <BIRTH_DATE>01&#47;06&#47;1958</BIRTH_DATE> <CITY>Las Vegas</CITY> <STATE>Nevada  </STATE> <ZIPCODE> 90213</ZIPCODE> </cliente>
 <cliente><CUSTOMER_ID> 2276</CUSTOMER_ID> <FULL_NAME>Ecoffey, Linda</FULL_NAME> <BIRTH_DATE>01&#47;28&#47;1954</BIRTH_DATE> <CITY>Carson City</CITY> <STATE>Nevada  </STATE> <ZIPCODE> 90112</ZIPCODE> </cliente>
 <cliente><CUSTOMER_ID> 2277</CUSTOMER_ID> <FULL_NAME>Swint, Katherine</FULL_NAME> <BIRTH_DATE>10&#47;09&#47;1959</BIRTH_DATE> <CITY>Carson City</CITY> <STATE>Nevada  </STATE> <ZIPCODE> 90112</ZIPCODE> </cliente>
 <cliente><CUSTOMER_ID> 2278</CUSTOMER_ID> <FULL_NAME>Slattengren, Dianne</FULL_NAME> <BIRTH_DATE>06&#47;08&#47;1957</BIRTH_DATE> <CITY>Las Vegas</CITY> <STATE>Nevada  </STATE> <ZIPCODE> 90213</ZIPCODE> </cliente>
 <cliente><CUSTOMER_ID> 2279</CUSTOMER_ID> <FULL_NAME>Heymsfield, Ronald</FULL_NAME> <BIRTH_DATE>08&#47;02&#47;1979</BIRTH_DATE> <CITY>Carson City</CITY> <STATE>Nevada  </STATE> <ZIPCODE> 90112</ZIPCODE> </cliente>
 <cliente><CUSTOMER_ID> 2280</CUSTOMER_ID> <FULL_NAME>Whitehead, Steven</FULL_NAME> <BIRTH_DATE>02&#47;28&#47;1963</BIRTH_DATE> <CITY>Reno    </CITY> <STATE>Nevada  </STATE> <ZIPCODE> 90023</ZIPCODE> </cliente>
 <cliente><CUSTOMER_ID> 2281</CUSTOMER_ID> <FULL_NAME>Roy, Lisa</FULL_NAME> <BIRTH_DATE>08&#47;06&#47;1967</BIRTH_DATE> <CITY>Las Vegas</CITY> <STATE>Nevada   </STATE> <ZIPCODE> 90023</ZIPCODE> </cliente>
 <cliente><CUSTOMER_ID> 2282</CUSTOMER_ID> <FULL_NAME>Burkhardt, Ingrid</FULL_NAME> <BIRTH_DATE>04&#47;30&#47;1957</BIRTH_DATE> <CITY>Carson City</CITY> <STATE>Nevada  </STATE> <ZIPCODE> 90112</ZIPCODE> </cliente>
 <cliente><CUSTOMER_ID> 2283</CUSTOMER_ID> <FULL_NAME>Whitney, Todd</FULL_NAME> <BIRTH_DATE>05&#47;04&#47;1963</BIRTH_DATE> <CITY>Bend    </CITY> <STATE>Oregon  </STATE> <ZIPCODE> 96543</ZIPCODE> </cliente>
 <cliente><CUSTOMER_ID> 2284</CUSTOMER_ID> <FULL_NAME>Wisnewski, Barbara</FULL_NAME> <BIRTH_DATE>11&#47;11&#47;1968</BIRTH_DATE> <CITY>Bend    </CITY> <STATE>Oregon  </STATE> <ZIPCODE> 96543</ZIPCODE> </cliente>
 <cliente><CUSTOMER_ID> 2285</CUSTOMER_ID> <FULL_NAME>Burkhardt, Karren</FULL_NAME> <BIRTH_DATE>08&#47;03&#47;1973</BIRTH_DATE> <CITY>Bend    </CITY> <STATE>Oregon   </STATE> <ZIPCODE> 96543</ZIPCODE> </cliente>
 <cliente><CUSTOMER_ID> 2286</CUSTOMER_ID> <FULL_NAME>Mcanich, Stacie</FULL_NAME> <BIRTH_DATE>10&#47;30&#47;1969</BIRTH_DATE> <CITY>Bend    </CITY> <STATE>Oregon  </STATE> <ZIPCODE> 96543</ZIPCODE> </cliente>
 <cliente><CUSTOMER_ID> 2287</CUSTOMER_ID> <FULL_NAME>Browning, Mary</FULL_NAME> <BIRTH_DATE>03&#47;16&#47;1960</BIRTH_DATE> <CITY>Portland</CITY> <STATE>Oregon  </STATE> <ZIPCODE> 97653</ZIPCODE> </cliente>
 <cliente><CUSTOMER_ID> 2288</CUSTOMER_ID> <FULL_NAME>Wellington, Alexandra</FULL_NAME> <BIRTH_DATE>06&#47;20&#47;1959</BIRTH_DATE> <CITY>Portland</CITY> <STATE>Oregon  </STATE> <ZIPCODE> 97653</ZIPCODE> </cliente>
 <cliente><CUSTOMER_ID> 2289</CUSTOMER_ID> <FULL_NAME>Bacugalupi, Cory</FULL_NAME> <BIRTH_DATE>03&#47;26&#47;1955</BIRTH_DATE> <CITY>Portland</CITY> <STATE>Oregon  </STATE> <ZIPCODE> 97653</ZIPCODE> </cliente>
 <cliente><CUSTOMER_ID> 2290</CUSTOMER_ID> <FULL_NAME>Rizzi, Stacy</FULL_NAME> <BIRTH_DATE>11&#47;30&#47;1949</BIRTH_DATE> <CITY>Bend    </CITY> <STATE>Oregon  </STATE> <ZIPCODE> 96543</ZIPCODE> </cliente>
 <cliente><CUSTOMER_ID> 2291</CUSTOMER_ID> <FULL_NAME>Sotelo, William</FULL_NAME> <BIRTH_DATE>05&#47;15&#47;1966</BIRTH_DATE> <CITY>Portland</CITY> <STATE>Oregon  </STATE> <ZIPCODE> 97653</ZIPCODE> </cliente>
 <cliente><CUSTOMER_ID> 2292</CUSTOMER_ID> <FULL_NAME>Stanley, Beth</FULL_NAME> <BIRTH_DATE>01&#47;05&#47;1945</BIRTH_DATE> <CITY>Bend    </CITY> <STATE>Oregon  </STATE> <ZIPCODE> 96543</ZIPCODE> </cliente>
 <cliente><CUSTOMER_ID> 2293</CUSTOMER_ID> <FULL_NAME>Markwood, Jill</FULL_NAME> <BIRTH_DATE>08&#47;09&#47;1961</BIRTH_DATE> <CITY>Portland</CITY> <STATE>Oregon  </STATE> <ZIPCODE> 97653</ZIPCODE> </cliente>
 <cliente><CUSTOMER_ID> 2294</CUSTOMER_ID> <FULL_NAME>Valentine, Mildred</FULL_NAME> <BIRTH_DATE>12&#47;25&#47;1960</BIRTH_DATE> <CITY>Portland</CITY> <STATE>Oregon  </STATE> <ZIPCODE> 97653</ZIPCODE> </cliente>
 <cliente><CUSTOMER_ID> 2295</CUSTOMER_ID> <FULL_NAME>Reams, Suzann</FULL_NAME> <BIRTH_DATE>05&#47;26&#47;1951</BIRTH_DATE> <CITY>Portland</CITY> <STATE>Oregon  </STATE> <ZIPCODE> 97653</ZIPCODE> </cliente>
 <cliente><CUSTOMER_ID> 2296</CUSTOMER_ID> <FULL_NAME>Long, John</FULL_NAME> <BIRTH_DATE>04&#47;22&#47;1971</BIRTH_DATE> <CITY>Portland</CITY> <STATE>Oregon  </STATE> <ZIPCODE> 97653</ZIPCODE> </cliente>
 <cliente><CUSTOMER_ID> 2297</CUSTOMER_ID> <FULL_NAME>Olenzek, Edwin</FULL_NAME> <BIRTH_DATE>07&#47;03&#47;1964</BIRTH_DATE> <CITY>Portland</CITY> <STATE>Oregon  </STATE> <ZIPCODE> 97653</ZIPCODE> </cliente>
 <cliente><CUSTOMER_ID> 2298</CUSTOMER_ID> <FULL_NAME>Valerio, Jessie</FULL_NAME> <BIRTH_DATE>10&#47;03&#47;1952</BIRTH_DATE> <CITY>Santa Clara</CITY> <STATE>California</STATE> <ZIPCODE> 95054</ZIPCODE> </cliente>
 <cliente><CUSTOMER_ID> 2299</CUSTOMER_ID> <FULL_NAME>Ahlering, Robert</FULL_NAME> <BIRTH_DATE>05&#47;14&#47;1945</BIRTH_DATE> <CITY>Los Angeles</CITY> <STATE>California</STATE> <ZIPCODE> 93078</ZIPCODE> </cliente>
 <cliente><CUSTOMER_ID> 2300</CUSTOMER_ID> <FULL_NAME>Burke, Megan</FULL_NAME> <BIRTH_DATE>05&#47;09&#47;1973</BIRTH_DATE> <CITY>Santa Clara</CITY> <STATE>California</STATE> <ZIPCODE> 95054</ZIPCODE> </cliente>
 <cliente><CUSTOMER_ID> 2301</CUSTOMER_ID> <FULL_NAME>Bates, Karel</FULL_NAME> <BIRTH_DATE>08&#47;09&#47;1955</BIRTH_DATE> <CITY>Fresno   </CITY> <STATE>California</STATE> <ZIPCODE> 93450</ZIPCODE> </cliente>
 <cliente><CUSTOMER_ID> 2302</CUSTOMER_ID> <FULL_NAME>White, Mike</FULL_NAME> <BIRTH_DATE>06&#47;26&#47;1976</BIRTH_DATE> <CITY>San Francisco</CITY> <STATE>California</STATE> <ZIPCODE> 94501</ZIPCODE> </cliente>
 <cliente><CUSTOMER_ID> 2303</CUSTOMER_ID> <FULL_NAME>Simpson, Marty</FULL_NAME> <BIRTH_DATE>01&#47;07&#47;1955</BIRTH_DATE> <CITY>Los Angeles</CITY> <STATE>California</STATE> <ZIPCODE> 93078</ZIPCODE> </cliente>
 <cliente><CUSTOMER_ID> 2304</CUSTOMER_ID> <FULL_NAME>Jones, Robert</FULL_NAME> <BIRTH_DATE>11&#47;15&#47;1949</BIRTH_DATE> <CITY>Santa Clara</CITY> <STATE>California</STATE> <ZIPCODE> 95054</ZIPCODE> </cliente>
 <cliente><CUSTOMER_ID> 2305</CUSTOMER_ID> <FULL_NAME>Casts, Raul</FULL_NAME> <BIRTH_DATE>09&#47;13&#47;1966</BIRTH_DATE> <CITY>San Francisco</CITY> <STATE>California</STATE> <ZIPCODE> 94501</ZIPCODE> </cliente>
 <cliente><CUSTOMER_ID> 2306</CUSTOMER_ID> <FULL_NAME>Browqett, Bridget</FULL_NAME> <BIRTH_DATE>02&#47;28&#47;1953</BIRTH_DATE> <CITY>Fresno  </CITY> <STATE>California</STATE> <ZIPCODE> 93450</ZIPCODE> </cliente>
 <cliente><CUSTOMER_ID> 2307</CUSTOMER_ID> <FULL_NAME>Kartz, Kay</FULL_NAME> <BIRTH_DATE>06&#47;03&#47;1948</BIRTH_DATE> <CITY>Eureka  </CITY> <STATE>California</STATE> <ZIPCODE> 96887</ZIPCODE> </cliente>
 <cliente><CUSTOMER_ID> 2308</CUSTOMER_ID> <FULL_NAME>Wold, Audrey</FULL_NAME> <BIRTH_DATE>08&#47;06&#47;1940</BIRTH_DATE> <CITY>Eureka  </CITY> <STATE>California</STATE> <ZIPCODE> 96887</ZIPCODE> </cliente>
 <cliente><CUSTOMER_ID> 2309</CUSTOMER_ID> <FULL_NAME>French, Susan</FULL_NAME> <BIRTH_DATE>11&#47;14&#47;1967</BIRTH_DATE> <CITY>Santa Clara</CITY> <STATE>California</STATE> <ZIPCODE> 95054</ZIPCODE> </cliente>
 <cliente><CUSTOMER_ID> 2310</CUSTOMER_ID> <FULL_NAME>Pederson, Trish</FULL_NAME> <BIRTH_DATE>03&#47;05&#47;1962</BIRTH_DATE> <CITY>Fresno  </CITY> <STATE>California</STATE> <ZIPCODE> 93450</ZIPCODE> </cliente>
 <cliente><CUSTOMER_ID> 2311</CUSTOMER_ID> <FULL_NAME>Renn, Eric</FULL_NAME> <BIRTH_DATE>05&#47;03&#47;1951</BIRTH_DATE> <CITY>Bakersfield</CITY> <STATE>California</STATE> <ZIPCODE> 92321</ZIPCODE> </cliente>
 <cliente><CUSTOMER_ID> 2312</CUSTOMER_ID> <FULL_NAME>Catalano, Elizabeth</FULL_NAME> <BIRTH_DATE>09&#47;01&#47;1958</BIRTH_DATE> <CITY>San Diego</CITY> <STATE>California</STATE> <ZIPCODE> 92087</ZIPCODE> </cliente>
 <cliente><CUSTOMER_ID> 2313</CUSTOMER_ID> <FULL_NAME>Coleman, Eric</FULL_NAME> <BIRTH_DATE>10&#47;23&#47;1950</BIRTH_DATE> <CITY>Sacramento</CITY> <STATE>California</STATE> <ZIPCODE> 96701</ZIPCODE> </cliente>
 <cliente><CUSTOMER_ID> 2314</CUSTOMER_ID> <FULL_NAME>Hurkett, Lawrence</FULL_NAME> <BIRTH_DATE>11&#47;12&#47;1970</BIRTH_DATE> <CITY>Redmond </CITY> <STATE>Washington</STATE> <ZIPCODE> 98123</ZIPCODE> </cliente>
 <cliente><CUSTOMER_ID> 2315</CUSTOMER_ID> <FULL_NAME>Pettengill, Sara</FULL_NAME> <BIRTH_DATE>03&#47;21&#47;1969</BIRTH_DATE> <CITY>Seattle </CITY> <STATE>Washington</STATE> <ZIPCODE> 98023</ZIPCODE> </cliente>
 <cliente><CUSTOMER_ID> 2316</CUSTOMER_ID> <FULL_NAME>Elson, Jauna</FULL_NAME> <BIRTH_DATE>12&#47;01&#47;1952</BIRTH_DATE> <CITY>Spokane </CITY> <STATE>Washington</STATE> <ZIPCODE> 98320</ZIPCODE> </cliente>
 <cliente><CUSTOMER_ID> 2317</CUSTOMER_ID> <FULL_NAME>Hirota, Nancy</FULL_NAME> <BIRTH_DATE>08&#47;28&#47;1967</BIRTH_DATE> <CITY>Seattle </CITY> <STATE>Washington</STATE> <ZIPCODE> 98023</ZIPCODE> </cliente>
 <cliente><CUSTOMER_ID> 2318</CUSTOMER_ID> <FULL_NAME>Blasingame, Linda</FULL_NAME> <BIRTH_DATE>10&#47;01&#47;1950</BIRTH_DATE> <CITY>Seattle </CITY> <STATE>Washington</STATE> <ZIPCODE> 98023</ZIPCODE> </cliente>
 <cliente><CUSTOMER_ID> 2319</CUSTOMER_ID> <FULL_NAME>Blackwell, Jackie</FULL_NAME> <BIRTH_DATE>04&#47;10&#47;1958</BIRTH_DATE> <CITY>Spokane </CITY> <STATE>Washington</STATE> <ZIPCODE> 98320</ZIPCODE> </cliente>
 <cliente><CUSTOMER_ID> 2320</CUSTOMER_ID> <FULL_NAME>Moya, Marie</FULL_NAME> <BIRTH_DATE>01&#47;06&#47;1954</BIRTH_DATE> <CITY>Spokane </CITY> <STATE>Washington</STATE> <ZIPCODE> 98320</ZIPCODE> </cliente>
 <cliente><CUSTOMER_ID> 2321</CUSTOMER_ID> <FULL_NAME>Chesnut, Nicky</FULL_NAME> <BIRTH_DATE>08&#47;15&#47;1949</BIRTH_DATE> <CITY>Spokane </CITY> <STATE>Washington</STATE> <ZIPCODE> 98320</ZIPCODE> </cliente>
 <cliente><CUSTOMER_ID> 2322</CUSTOMER_ID> <FULL_NAME>Ortiz, John</FULL_NAME> <BIRTH_DATE>08&#47;18&#47;1970</BIRTH_DATE> <CITY>Redmond </CITY> <STATE>Washington</STATE> <ZIPCODE> 98123</ZIPCODE> </cliente>
 <cliente><CUSTOMER_ID> 2323</CUSTOMER_ID> <FULL_NAME>Tearpak, Stacey</FULL_NAME> <BIRTH_DATE>09&#47;30&#47;1952</BIRTH_DATE> <CITY>Seattle </CITY> <STATE>Washington</STATE> <ZIPCODE> 98023</ZIPCODE> </cliente>
 <cliente><CUSTOMER_ID> 2324</CUSTOMER_ID> <FULL_NAME>Hall, Karen</FULL_NAME> <BIRTH_DATE>06&#47;10&#47;1953</BIRTH_DATE> <CITY>Spokane </CITY> <STATE>Washington</STATE> <ZIPCODE> 98320</ZIPCODE> </cliente>
 <cliente><CUSTOMER_ID> 2325</CUSTOMER_ID> <FULL_NAME>Narberes, Greg</FULL_NAME> <BIRTH_DATE>05&#47;07&#47;1955</BIRTH_DATE> <CITY>Spokane </CITY> <STATE>Washington</STATE> <ZIPCODE> 98320</ZIPCODE> </cliente>
 <cliente><CUSTOMER_ID> 2326</CUSTOMER_ID> <FULL_NAME>Weber, Fannye</FULL_NAME> <BIRTH_DATE>04&#47;08&#47;1958</BIRTH_DATE> <CITY>Redmond </CITY> <STATE>Washington</STATE> <ZIPCODE> 98123</ZIPCODE> </cliente>
 <cliente><CUSTOMER_ID> 2327</CUSTOMER_ID> <FULL_NAME>Kabbes, Diane</FULL_NAME> <BIRTH_DATE>12&#47;23&#47;1948</BIRTH_DATE> <CITY>Seattle </CITY> <STATE>Washington</STATE> <ZIPCODE> 98023</ZIPCODE> </cliente>
</clientesMayoristas>
